dataset,class,k_shot,task,mode,semantic_auroc,memory_auroc,branch_gap,weak_branch,auroc
mvtec,carpet,1,seg,oracle,12.748856636974311,99.36115552604993,86.61229888907562,semantic,99.36115552604993
mvtec,carpet,1,seg,max,12.748856636974311,99.36115552604993,86.61229888907562,semantic,99.36115552604993
mvtec,carpet,1,seg,harmonic,12.736074649169044,99.26153615512,86.52546150595096,semantic,99.26153615512
mvtec,leather,4,seg,max,15.136688790157466,99.42591564274711,84.28922685258965,semantic,99.42591564274711
mvtec,leather,4,seg,oracle,15.136688790157466,99.42591564274711,84.28922685258965,semantic,99.42591564274711
mvtec,leather,4,seg,harmonic,15.11286949034196,99.26945766657035,84.15658817622838,semantic,99.26945766657035
mvtec,carpet,4,seg,oracle,19.269888086456127,99.4053101646449,80.13542207818878,semantic,99.4053101646449
mvtec,carpet,4,seg,max,19.269888086456127,99.4053101646449,80.13542207818878,semantic,99.4053101646449
mvtec,carpet,4,seg,harmonic,19.250524506460653,99.30542153702486,80.0548970305642,semantic,99.30542153702486
mvtec,leather,1,seg,oracle,19.624377624127348,99.44950715647688,79.82512953234954,semantic,99.44950715647688
mvtec,leather,1,seg,max,19.624377624127348,99.44950715647688,79.82512953234954,semantic,99.44950715647688
visa,pipe_fryum,1,seg,harmonic,19.691989570448,99.47073131619462,79.77874174574661,semantic,99.47073131619462
visa,pipe_fryum,1,seg,max,19.67236475463406,99.37159990166818,79.69923514703412,semantic,99.37159990166818
visa,pipe_fryum,1,seg,oracle,19.67236475463406,99.37159990166818,79.69923514703412,semantic,99.37159990166818
mvtec,leather,1,seg,harmonic,19.57655225167773,99.20714483494054,79.63059258326281,semantic,99.20714483494054
visa,pipe_fryum,2,seg,max,20.167733490757804,99.53953816028184,79.37180466952404,semantic,99.53953816028184
visa,pipe_fryum,2,seg,oracle,20.167733490757804,99.53953816028184,79.37180466952404,semantic,99.53953816028184
visa,pipe_fryum,2,seg,harmonic,20.161380216989865,99.50818104536576,79.34680082837589,semantic,99.50818104536576
visa,capsules,1,seg,max,16.342669216656223,93.3870533413448,77.04438412468858,semantic,93.3870533413448
visa,capsules,1,seg,oracle,16.342669216656223,93.3870533413448,77.04438412468858,semantic,93.3870533413448
visa,capsules,4,seg,oracle,19.42550424127717,95.631540283649,76.20603604237184,semantic,95.631540283649
visa,capsules,4,seg,max,19.42550424127717,95.631540283649,76.20603604237184,semantic,95.631540283649
visa,pipe_fryum,4,seg,harmonic,27.704122311444124,99.56919497537604,71.86507266393191,semantic,99.56919497537604
visa,pipe_fryum,4,seg,oracle,27.696622132372553,99.54223917493839,71.84561704256583,semantic,99.54223917493839
visa,pipe_fryum,4,seg,max,27.696622132372553,99.54223917493839,71.84561704256583,semantic,99.54223917493839
mvtec,hazelnut,2,seg,max,27.748883969865616,98.89465477855805,71.14577080869243,semantic,98.89465477855805
mvtec,hazelnut,2,seg,oracle,27.748883969865616,98.89465477855805,71.14577080869243,semantic,98.89465477855805
mvtec,hazelnut,2,seg,harmonic,27.531727950784926,98.12072925552107,70.58900130473614,semantic,98.12072925552107
visa,capsules,2,seg,oracle,24.047705749184832,94.41353723781054,70.36583148862572,semantic,94.41353723781054
visa,capsules,2,seg,max,24.047705749184832,94.41353723781054,70.36583148862572,semantic,94.41353723781054
mvtec,tile,1,seg,max,27.733202401126455,96.65676489839595,68.9235624972695,semantic,96.65676489839595
mvtec,tile,1,seg,oracle,27.733202401126455,96.65676489839595,68.9235624972695,semantic,96.65676489839595
mvtec,carpet,2,seg,oracle,31.033122283971732,99.41977165095545,68.38664936698372,semantic,99.41977165095545
mvtec,carpet,2,seg,max,31.033122283971732,99.41977165095545,68.38664936698372,semantic,99.41977165095545
mvtec,carpet,2,seg,harmonic,31.01480104878443,99.36107652508261,68.34627547629817,semantic,99.36107652508261
mvtec,tile,1,seg,harmonic,27.239008132017783,94.934381071513,67.69537293949521,semantic,94.934381071513
mvtec,zipper,1,seg,oracle,90.60254290977684,23.02384612366793,67.5786967861089,memory,90.60254290977684
mvtec,zipper,1,seg,max,90.60254290977684,23.02384612366793,67.5786967861089,memory,90.60254290977684
mvtec,zipper,1,seg,harmonic,89.12015846366539,22.647143767561037,66.47301469610436,memory,89.12015846366539
visa,cashew,4,seg,max,95.29732625458233,29.899785731146128,65.3975405234362,memory,95.29732625458233
visa,cashew,4,seg,oracle,95.29732625458233,29.899785731146128,65.3975405234362,memory,95.29732625458233
mvtec,transistor,1,seg,max,26.169816628338484,89.95683704672817,63.78702041838969,semantic,89.95683704672817
mvtec,transistor,1,seg,oracle,26.169816628338484,89.95683704672817,63.78702041838969,semantic,89.95683704672817
visa,cashew,2,seg,max,95.56591149712949,32.1343115198229,63.43159997730659,memory,95.56591149712949
visa,cashew,2,seg,oracle,95.56591149712949,32.1343115198229,63.43159997730659,memory,95.56591149712949
visa,cashew,4,seg,harmonic,91.95445375955818,28.850950729618916,63.10350302993926,memory,91.95445375955818
visa,cashew,2,seg,harmonic,93.71969389862592,31.513515563249257,62.20617833537666,memory,93.71969389862592
mvtec,zipper,2,seg,max,92.58231636895579,31.098922650662526,61.48339371829326,memory,92.58231636895579
mvtec,zipper,2,seg,oracle,92.58231636895579,31.098922650662526,61.48339371829326,memory,92.58231636895579
mvtec,zipper,2,seg,harmonic,90.36071849262211,30.352675384158147,60.008043108463966,memory,90.36071849262211
visa,capsules,1,seg,harmonic,12.370532917910268,70.68904119336487,58.318508275454604,semantic,70.68904119336487
mvtec,leather,2,seg,max,43.67187897701992,99.39165609616235,55.71977711914243,semantic,99.39165609616235
mvtec,leather,2,seg,oracle,43.67187897701992,99.39165609616235,55.71977711914243,semantic,99.39165609616235
mvtec,leather,2,seg,harmonic,43.65081865105979,99.34372546610624,55.69290681504645,semantic,99.34372546610624
visa,capsules,2,seg,harmonic,18.83818222824745,73.96046166938781,55.122279441140364,semantic,73.96046166938781
mvtec,transistor,2,seg,oracle,33.884092723058544,87.80393253902129,53.919839815962746,semantic,87.80393253902129
mvtec,transistor,2,seg,max,33.884092723058544,87.80393253902129,53.919839815962746,semantic,87.80393253902129
mvtec,transistor,1,seg,harmonic,22.07371672020357,75.87679219214544,53.803075471941874,semantic,75.87679219214544
mvtec,bottle,1,seg,max,45.56794422573619,98.58613954390843,53.01819531817224,semantic,98.58613954390843
mvtec,bottle,1,seg,oracle,45.56794422573619,98.58613954390843,53.01819531817224,semantic,98.58613954390843
visa,capsules,4,seg,harmonic,13.426689483562132,66.09944227315965,52.672752789597524,semantic,66.09944227315965
mvtec,grid,4,seg,max,98.18775299962769,45.71644315855205,52.47130984107564,memory,98.18775299962769
mvtec,grid,4,seg,oracle,98.18775299962769,45.71644315855205,52.47130984107564,memory,98.18775299962769
mvtec,grid,4,seg,harmonic,97.83749333809814,45.553361456222945,52.2841318818752,memory,97.83749333809814
visa,pcb1,1,seg,oracle,46.729629987908986,98.76956575640861,52.039935768499625,semantic,98.76956575640861
visa,pcb1,1,seg,max,46.729629987908986,98.76956575640861,52.039935768499625,semantic,98.76956575640861
mvtec,bottle,4,seg,oracle,47.36632901044928,98.7595403157847,51.39321130533543,semantic,98.7595403157847
mvtec,bottle,4,seg,max,47.36632901044928,98.7595403157847,51.39321130533543,semantic,98.7595403157847
mvtec,bottle,1,seg,harmonic,43.92749193554558,95.03702489448092,51.10953295893534,semantic,95.03702489448092
visa,pcb1,4,seg,max,47.42919077708231,98.32865313177177,50.89946235468946,semantic,98.32865313177177
visa,pcb1,4,seg,oracle,47.42919077708231,98.32865313177177,50.89946235468946,semantic,98.32865313177177
visa,pcb1,4,seg,harmonic,46.71375152798947,96.84542778872213,50.13167626073266,semantic,96.84542778872213
visa,pcb1,1,seg,harmonic,44.88186191562802,94.86405120033426,49.98218928470624,semantic,94.86405120033426
mvtec,bottle,4,seg,harmonic,45.70560561258966,95.2969059341314,49.591300321541745,semantic,95.2969059341314
mvtec,bottle,2,seg,max,50.22964234670831,98.61323145495248,48.38358910824417,semantic,98.61323145495248
mvtec,bottle,2,seg,oracle,50.22964234670831,98.61323145495248,48.38358910824417,semantic,98.61323145495248
mvtec,transistor,2,seg,harmonic,29.65029161339127,76.83287334451371,47.18258173112244,semantic,76.83287334451371
mvtec,cable,4,seg,max,50.08782157467853,97.0152546342577,46.92743305957917,semantic,97.0152546342577
mvtec,cable,4,seg,oracle,50.08782157467853,97.0152546342577,46.92743305957917,semantic,97.0152546342577
mvtec,bottle,2,seg,harmonic,48.61180021534281,95.43700655857165,46.82520634322884,semantic,95.43700655857165
mvtec,wood,4,seg,oracle,96.47848709171882,50.27742752975302,46.2010595619658,memory,96.47848709171882
mvtec,wood,4,seg,max,96.47848709171882,50.27742752975302,46.2010595619658,memory,96.47848709171882
mvtec,grid,1,seg,oracle,97.97881304649587,51.78047457391757,46.1983384725783,memory,97.97881304649587
mvtec,grid,1,seg,max,97.97881304649587,51.78047457391757,46.1983384725783,memory,97.97881304649587
mvtec,wood,4,seg,harmonic,96.20076076599004,50.13269717964234,46.0680635863477,memory,96.20076076599004
mvtec,cable,4,seg,harmonic,49.01549945145083,94.93827063766331,45.92277118621248,semantic,94.93827063766331
mvtec,grid,1,seg,harmonic,97.20243614922677,51.37016990764506,45.83226624158171,memory,97.20243614922677
mvtec,tile,4,seg,max,52.49936590345279,96.8700109677872,44.370645064334404,semantic,96.8700109677872
mvtec,tile,4,seg,oracle,52.49936590345279,96.8700109677872,44.370645064334404,semantic,96.8700109677872
mvtec,transistor,4,seg,max,47.682502154576476,91.98687823147993,44.30437607690346,semantic,91.98687823147993
mvtec,transistor,4,seg,oracle,47.682502154576476,91.98687823147993,44.30437607690346,semantic,91.98687823147993
mvtec,tile,4,seg,harmonic,52.16117133787895,96.24598607315072,44.08481473527177,semantic,96.24598607315072
visa,cashew,1,seg,harmonic,55.3303170527505,99.36933837335832,44.039021320607816,semantic,99.36933837335832
visa,pcb1,2,seg,oracle,54.54279964662615,98.50068337662134,43.95788372999519,semantic,98.50068337662134
visa,pcb1,2,seg,max,54.54279964662615,98.50068337662134,43.95788372999519,semantic,98.50068337662134
visa,pcb1,2,seg,harmonic,53.70468945713364,96.98711188882133,43.28242243168769,semantic,96.98711188882133
visa,cashew,1,seg,max,54.274758565081875,97.47362994222797,43.1988713771461,semantic,97.47362994222797
visa,cashew,1,seg,oracle,54.274758565081875,97.47362994222797,43.1988713771461,semantic,97.47362994222797
visa,candle,1,seg,max,52.260750704209826,94.4360132864848,42.17526258227497,semantic,94.4360132864848
visa,candle,1,seg,oracle,52.260750704209826,94.4360132864848,42.17526258227497,semantic,94.4360132864848
visa,candle,1,seg,harmonic,51.84592758146455,93.68642126181535,41.840493680350804,semantic,93.68642126181535
mvtec,grid,2,seg,oracle,98.10121221779853,56.41158792835608,41.689624289442456,memory,98.10121221779853
mvtec,grid,2,seg,max,98.10121221779853,56.41158792835608,41.689624289442456,memory,98.10121221779853
mvtec,grid,2,seg,harmonic,97.22810496143019,55.909521076682935,41.318583884747255,memory,97.22810496143019
mvtec,metal_nut,1,seg,harmonic,49.8507061049715,89.36561412371184,39.514908018740336,semantic,89.36561412371184
mvtec,metal_nut,1,seg,max,49.52498801157845,88.78171071046867,39.25672269889022,semantic,88.78171071046867
mvtec,metal_nut,1,seg,oracle,49.52498801157845,88.78171071046867,39.25672269889022,semantic,88.78171071046867
mvtec,transistor,4,seg,harmonic,41.38621626283304,79.84037464077437,38.45415837794133,semantic,79.84037464077437
visa,pcb3,1,seg,max,61.45373673385205,96.08172496932903,34.627988235476984,semantic,96.08172496932903
visa,pcb3,1,seg,oracle,61.45373673385205,96.08172496932903,34.627988235476984,semantic,96.08172496932903
mvtec,wood,1,seg,max,61.842660988259496,95.32879509404994,33.48613410579044,semantic,95.32879509404994
mvtec,wood,1,seg,oracle,61.842660988259496,95.32879509404994,33.48613410579044,semantic,95.32879509404994
visa,pcb3,1,seg,harmonic,59.205115811725605,92.56604978857116,33.36093397684556,semantic,92.56604978857116
mvtec,wood,1,seg,harmonic,60.44223101372075,93.17007003350129,32.72783901978054,semantic,93.17007003350129
visa,pcb4,4,seg,oracle,65.56300793435463,97.9433273780934,32.38031944373877,semantic,97.9433273780934
visa,pcb4,4,seg,max,65.56300793435463,97.9433273780934,32.38031944373877,semantic,97.9433273780934
visa,pcb4,4,seg,harmonic,65.52451196112263,97.88581897773484,32.361307016612216,semantic,97.88581897773484
visa,pcb4,1,seg,oracle,65.05690530017442,96.99262528999894,31.93571998982452,semantic,96.99262528999894
visa,pcb4,1,seg,max,65.05690530017442,96.99262528999894,31.93571998982452,semantic,96.99262528999894
visa,pcb4,1,seg,harmonic,65.02791851369834,96.9494092085382,31.92149069483986,semantic,96.9494092085382
visa,pcb4,2,seg,max,64.97393548623202,96.85820497876166,31.88426949252964,semantic,96.85820497876166
visa,pcb4,2,seg,oracle,64.97393548623202,96.85820497876166,31.88426949252964,semantic,96.85820497876166
visa,pcb4,2,seg,harmonic,64.64354789303187,96.36568826440316,31.722140371371296,semantic,96.36568826440316
mvtec,cable,1,seg,max,65.90785345485828,96.6032243772633,30.69537092240502,semantic,96.6032243772633
mvtec,cable,1,seg,oracle,65.90785345485828,96.6032243772633,30.69537092240502,semantic,96.6032243772633
mvtec,cable,1,seg,harmonic,65.597916377421,96.14893980471211,30.551023427291113,semantic,96.14893980471211
visa,candle,4,seg,max,65.48249853777143,94.10934091363603,28.626842375864598,semantic,94.10934091363603
visa,candle,4,seg,oracle,65.48249853777143,94.10934091363603,28.626842375864598,semantic,94.10934091363603
visa,candle,4,seg,harmonic,65.15525519507692,93.63903730599968,28.48378211092276,semantic,93.63903730599968
mvtec,toothbrush,2,seg,max,70.32312075656549,98.3805514192148,28.05743066264931,semantic,98.3805514192148
mvtec,toothbrush,2,seg,oracle,70.32312075656549,98.3805514192148,28.05743066264931,semantic,98.3805514192148
mvtec,toothbrush,2,seg,harmonic,70.30658532220917,98.35741869796425,28.050833375755076,semantic,98.35741869796425
visa,candle,2,seg,max,67.66551828123615,95.16104574467902,27.49552746344287,semantic,95.16104574467902
visa,candle,2,seg,oracle,67.66551828123615,95.16104574467902,27.49552746344287,semantic,95.16104574467902
visa,candle,2,seg,harmonic,66.96730449632544,94.17911646055977,27.21181196423433,semantic,94.17911646055977
visa,chewinggum,1,seg,harmonic,73.14234075869419,99.54255825781965,26.40021749912546,semantic,99.54255825781965
visa,chewinggum,1,seg,oracle,72.77213897194461,99.03873471946389,26.266595747519276,semantic,99.03873471946389
visa,chewinggum,1,seg,max,72.77213897194461,99.03873471946389,26.266595747519276,semantic,99.03873471946389
mvtec,cable,2,seg,oracle,70.28381667548348,96.00464198990927,25.720825314425795,semantic,96.00464198990927
mvtec,cable,2,seg,max,70.28381667548348,96.00464198990927,25.720825314425795,semantic,96.00464198990927
mvtec,cable,2,seg,harmonic,69.76853519771322,95.30078986381064,25.532254666097415,semantic,95.30078986381064
visa,pipe_fryum,4,cls,max,73.178,98.6,25.421999999999997,semantic,98.60200000000002
visa,pipe_fryum,4,cls,harmonic,73.178,98.6,25.421999999999997,semantic,96.57
visa,pipe_fryum,4,cls,oracle,73.178,98.6,25.421999999999997,semantic,100.0
visa,pcb3,4,seg,max,71.34381822613062,96.40106196751977,25.057243741389144,semantic,96.40106196751977
visa,pcb3,4,seg,oracle,71.34381822613062,96.40106196751977,25.057243741389144,semantic,96.40106196751977
mvtec,toothbrush,1,seg,oracle,73.69401080695785,98.32143698753197,24.62742618057412,semantic,98.32143698753197
mvtec,toothbrush,1,seg,max,73.69401080695785,98.32143698753197,24.62742618057412,semantic,98.32143698753197
mvtec,toothbrush,2,cls,max,69.58333333333333,94.16666666666667,24.583333333333343,semantic,94.02777777777779
mvtec,toothbrush,2,cls,oracle,69.58333333333333,94.16666666666667,24.583333333333343,semantic,100.0
mvtec,toothbrush,2,cls,harmonic,69.58333333333333,94.16666666666667,24.583333333333343,semantic,78.05555555555556
mvtec,toothbrush,1,seg,harmonic,73.54565998354288,98.12350955792508,24.5778495743822,semantic,98.12350955792508
visa,pcb3,4,seg,harmonic,69.55214413226999,93.98011941577114,24.427975283501155,semantic,93.98011941577114
mvtec,toothbrush,4,seg,oracle,75.07742227592081,99.08344649739867,24.00602422147786,semantic,99.08344649739867
mvtec,toothbrush,4,seg,max,75.07742227592081,99.08344649739867,24.00602422147786,semantic,99.08344649739867
mvtec,toothbrush,4,seg,harmonic,74.78980999140461,98.70387011423354,23.91406012282893,semantic,98.70387011423354
mvtec,zipper,4,seg,harmonic,95.5719052258558,72.42156845865114,23.150336767204664,memory,95.5719052258558
mvtec,tile,2,seg,max,73.92617725604167,97.03595078562476,23.109773529583094,semantic,97.03595078562476
mvtec,tile,2,seg,oracle,73.92617725604167,97.03595078562476,23.109773529583094,semantic,97.03595078562476
mvtec,transistor,1,cls,max,90.25,67.29166666666666,22.958333333333343,memory,90.25
mvtec,transistor,1,cls,harmonic,90.25,67.29166666666666,22.958333333333343,memory,70.70833333333333
mvtec,transistor,1,cls,oracle,90.25,67.29166666666666,22.958333333333343,memory,100.0
mvtec,screw,1,seg,oracle,69.12948151564949,91.94840666527537,22.818925149625883,semantic,91.94840666527537
mvtec,screw,1,seg,max,69.12948151564949,91.94840666527537,22.818925149625883,semantic,91.94840666527537
mvtec,tile,2,seg,harmonic,72.9320070755108,95.73099694800908,22.798989872498282,semantic,95.73099694800908
mvtec,zipper,4,seg,oracle,92.82149906901161,70.33739186610269,22.484107202908916,memory,92.82149906901161
mvtec,zipper,4,seg,max,92.82149906901161,70.33739186610269,22.484107202908916,memory,92.82149906901161
mvtec,screw,1,seg,harmonic,67.96532466782877,90.39997371136478,22.434649043536012,semantic,90.39997371136478
mvtec,toothbrush,1,cls,oracle,72.77777777777777,94.44444444444446,21.666666666666686,semantic,99.16666666666666
mvtec,toothbrush,1,cls,harmonic,72.77777777777777,94.44444444444446,21.666666666666686,semantic,88.05555555555557
mvtec,toothbrush,1,cls,max,72.77777777777777,94.44444444444446,21.666666666666686,semantic,93.6111111111111
visa,fryum,2,seg,harmonic,75.68286903227015,97.03140729800445,21.348538265734305,semantic,97.03140729800445
mvtec,zipper,2,cls,harmonic,94.22268907563026,73.05672268907564,21.165966386554615,memory,75.95850840336135
mvtec,zipper,2,cls,max,94.22268907563026,73.05672268907564,21.165966386554615,memory,91.59663865546219
mvtec,zipper,2,cls,oracle,94.22268907563026,73.05672268907564,21.165966386554615,memory,98.98897058823529
visa,fryum,2,seg,max,74.38324200794675,95.36518294968003,20.981940941733285,semantic,95.36518294968003
visa,fryum,2,seg,oracle,74.38324200794675,95.36518294968003,20.981940941733285,semantic,95.36518294968003
visa,chewinggum,2,seg,harmonic,78.86022018951515,99.58299914945418,20.722778959939035,semantic,99.58299914945418
visa,chewinggum,2,seg,max,78.56399748608439,99.20893545608756,20.64493797000317,semantic,99.20893545608756
visa,chewinggum,2,seg,oracle,78.56399748608439,99.20893545608756,20.64493797000317,semantic,99.20893545608756
visa,capsules,2,cls,oracle,55.942691029900324,76.39867109634551,20.455980066445186,semantic,100.0
visa,capsules,2,cls,max,55.942691029900324,76.39867109634551,20.455980066445186,semantic,76.17109634551495
visa,capsules,2,cls,harmonic,55.942691029900324,76.39867109634551,20.455980066445186,semantic,75.00996677740864
visa,macaroni2,4,seg,harmonic,94.95689610805525,74.89848221933393,20.05841388872132,memory,94.95689610805525
visa,macaroni2,4,seg,max,94.84360115921771,74.80911936040694,20.034481798810774,memory,94.84360115921771
visa,macaroni2,4,seg,oracle,94.84360115921771,74.80911936040694,20.034481798810774,memory,94.84360115921771
mvtec,hazelnut,4,cls,max,80.14285714285715,100.0,19.857142857142847,semantic,100.0
mvtec,hazelnut,4,cls,harmonic,80.14285714285715,100.0,19.857142857142847,semantic,99.23214285714286
mvtec,hazelnut,4,cls,oracle,80.14285714285715,100.0,19.857142857142847,semantic,100.0
mvtec,hazelnut,2,cls,oracle,80.10714285714286,99.85714285714286,19.75,semantic,100.0
mvtec,hazelnut,2,cls,max,80.10714285714286,99.85714285714286,19.75,semantic,99.85714285714286
mvtec,hazelnut,2,cls,harmonic,80.10714285714286,99.85714285714286,19.75,semantic,96.58928571428571
visa,chewinggum,4,seg,harmonic,80.59476634717117,99.60949826594236,19.01473191877119,semantic,99.60949826594236
visa,chewinggum,4,seg,max,80.21547643182058,99.14072243994568,18.9252460081251,semantic,99.14072243994568
visa,chewinggum,4,seg,oracle,80.21547643182058,99.14072243994568,18.9252460081251,semantic,99.14072243994568
mvtec,wood,2,seg,oracle,78.00024930921658,96.56460974404321,18.564360434826625,semantic,96.56460974404321
mvtec,wood,2,seg,max,78.00024930921658,96.56460974404321,18.564360434826625,semantic,96.56460974404321
mvtec,wood,2,seg,harmonic,77.76971602313091,96.27920864595666,18.509492622825746,semantic,96.27920864595666
mvtec,metal_nut,2,seg,max,94.36515036499476,77.00320207131753,17.36194829367723,memory,94.36515036499476
mvtec,metal_nut,2,seg,oracle,94.36515036499476,77.00320207131753,17.36194829367723,memory,94.36515036499476
mvtec,metal_nut,2,seg,harmonic,93.16411793104339,76.02314383108745,17.14097409995594,memory,93.16411793104339
visa,macaroni1,1,seg,harmonic,79.98923974611232,96.34138362541661,16.352143879304293,semantic,96.34138362541661
mvtec,hazelnut,1,cls,oracle,83.58928571428571,99.82142857142857,16.23214285714286,semantic,100.0
mvtec,hazelnut,1,cls,max,83.58928571428571,99.82142857142857,16.23214285714286,semantic,99.75
mvtec,hazelnut,1,cls,harmonic,83.58928571428571,99.82142857142857,16.23214285714286,semantic,98.82142857142857
visa,macaroni1,1,seg,oracle,79.35861394883281,95.58183944106597,16.223225492233155,semantic,95.58183944106597
visa,macaroni1,1,seg,max,79.35861394883281,95.58183944106597,16.223225492233155,semantic,95.58183944106597
visa,pcb2,4,seg,oracle,94.85184299646396,78.79775382933752,16.054089167126435,memory,94.85184299646396
visa,pcb2,4,seg,max,94.85184299646396,78.79775382933752,16.054089167126435,memory,94.85184299646396
visa,pcb2,4,seg,harmonic,93.63832377886925,77.78962804543723,15.848695733432024,memory,93.63832377886925
visa,pipe_fryum,2,cls,max,83.097,98.714,15.617000000000004,semantic,98.79100000000001
visa,pipe_fryum,2,cls,harmonic,83.097,98.714,15.617000000000004,semantic,98.249
visa,pipe_fryum,2,cls,oracle,83.097,98.714,15.617000000000004,semantic,99.569
mvtec,capsule,2,seg,max,80.96292916082072,95.43968417009968,14.47675500927896,semantic,95.43968417009968
mvtec,capsule,2,seg,oracle,80.96292916082072,95.43968417009968,14.47675500927896,semantic,95.43968417009968
mvtec,capsule,2,seg,harmonic,80.70834901233675,95.13958325701358,14.43123424467683,semantic,95.13958325701358
visa,pcb2,1,cls,max,63.74825174825175,78.05294705294705,14.3046953046953,semantic,78.60639360639361
visa,pcb2,1,cls,harmonic,63.74825174825175,78.05294705294705,14.3046953046953,semantic,79.89460539460539
visa,pcb2,1,cls,oracle,63.74825174825175,78.05294705294705,14.3046953046953,semantic,97.66733266733267
visa,capsules,1,cls,oracle,59.91029900332225,74.16362126245846,14.253322259136212,semantic,100.0
visa,capsules,1,cls,harmonic,59.91029900332225,74.16362126245846,14.253322259136212,semantic,72.33803986710963
visa,capsules,1,cls,max,59.91029900332225,74.16362126245846,14.253322259136212,semantic,74.21677740863787
mvtec,metal_nut,2,cls,oracle,85.55718475073313,99.41348973607037,13.856304985337246,semantic,99.99999999999999
mvtec,metal_nut,2,cls,harmonic,85.55718475073313,99.41348973607037,13.856304985337246,semantic,99.48680351906158
mvtec,metal_nut,2,cls,max,85.55718475073313,99.41348973607037,13.856304985337246,semantic,99.38905180840665
mvtec,toothbrush,4,cls,oracle,84.44444444444444,97.22222222222223,12.777777777777786,semantic,100.0
mvtec,toothbrush,4,cls,max,84.44444444444444,97.22222222222223,12.777777777777786,semantic,97.22222222222223
mvtec,toothbrush,4,cls,harmonic,84.44444444444444,97.22222222222223,12.777777777777786,semantic,94.72222222222221
mvtec,metal_nut,4,cls,oracle,87.2434017595308,100.0,12.756598240469202,semantic,100.0
mvtec,metal_nut,4,cls,harmonic,87.2434017595308,100.0,12.756598240469202,semantic,100.0
mvtec,metal_nut,4,cls,max,87.2434017595308,100.0,12.756598240469202,semantic,100.0
visa,pcb2,1,seg,harmonic,83.5741925371577,96.11111145447848,12.536918917320776,semantic,96.11111145447848
visa,capsules,4,cls,harmonic,57.80813953488373,70.27906976744187,12.470930232558139,semantic,70.19186046511628
visa,capsules,4,cls,oracle,57.80813953488373,70.27906976744187,12.470930232558139,semantic,100.0
visa,capsules,4,cls,max,57.80813953488373,70.27906976744187,12.470930232558139,semantic,70.1295681063123
visa,pcb2,1,seg,max,82.843717434427,95.27105818107046,12.427340746643452,semantic,95.27105818107046
visa,pcb2,1,seg,oracle,82.843717434427,95.27105818107046,12.427340746643452,semantic,95.27105818107046
mvtec,capsule,1,cls,max,74.05265257279618,61.826884722776235,12.225767850019942,memory,74.05265257279618
mvtec,capsule,1,cls,harmonic,74.05265257279618,61.826884722776235,12.225767850019942,memory,62.72437175907461
mvtec,capsule,1,cls,oracle,74.05265257279618,61.826884722776235,12.225767850019942,memory,100.0
visa,fryum,4,cls,max,76.88600000000001,88.99600000000001,12.11,semantic,90.104
visa,fryum,4,cls,harmonic,76.88600000000001,88.99600000000001,12.11,semantic,90.157
visa,fryum,4,cls,oracle,76.88600000000001,88.99600000000001,12.11,semantic,98.099
mvtec,capsule,1,seg,harmonic,82.09603558137624,94.09773088650888,12.001695305132642,semantic,94.09773088650888
mvtec,capsule,1,seg,oracle,81.31845875667267,93.20647938725693,11.888020630584265,semantic,93.20647938725693
mvtec,capsule,1,seg,max,81.31845875667267,93.20647938725693,11.888020630584265,semantic,93.20647938725693
mvtec,capsule,2,cls,harmonic,73.69365775827683,84.84244116473873,11.148783406461902,semantic,82.0702034303949
mvtec,capsule,2,cls,max,73.69365775827683,84.84244116473873,11.148783406461902,semantic,85.6003191065018
mvtec,capsule,2,cls,oracle,73.69365775827683,84.84244116473873,11.148783406461902,semantic,93.67770243318706
visa,pipe_fryum,1,cls,oracle,88.06599999999999,99.214,11.14800000000001,semantic,100.0
visa,pipe_fryum,1,cls,harmonic,88.06599999999999,99.214,11.14800000000001,semantic,97.88900000000001
visa,pipe_fryum,1,cls,max,88.06599999999999,99.214,11.14800000000001,semantic,99.238
mvtec,metal_nut,1,cls,harmonic,87.90322580645162,98.7781036168133,10.874877810361681,semantic,98.63147605083088
mvtec,metal_nut,1,cls,oracle,87.90322580645162,98.7781036168133,10.874877810361681,semantic,99.60899315738025
mvtec,metal_nut,1,cls,max,87.90322580645162,98.7781036168133,10.874877810361681,semantic,98.8514173998045
visa,pcb2,4,cls,max,64.83616383616383,75.68031968031967,10.844155844155836,semantic,76.09590409590409
visa,pcb2,4,cls,harmonic,64.83616383616383,75.68031968031967,10.844155844155836,semantic,77.5104895104895
visa,pcb2,4,cls,oracle,64.83616383616383,75.68031968031967,10.844155844155836,semantic,100.0
visa,pcb2,2,cls,oracle,64.08291708291709,74.9090909090909,10.826173826173815,semantic,100.0
visa,pcb2,2,cls,harmonic,64.08291708291709,74.9090909090909,10.826173826173815,semantic,77.0054945054945
visa,pcb2,2,cls,max,64.08291708291709,74.9090909090909,10.826173826173815,semantic,75.15784215784215
visa,candle,2,cls,oracle,95.11800000000001,84.341,10.777000000000015,memory,100.0
visa,candle,2,cls,harmonic,95.11800000000001,84.341,10.777000000000015,memory,85.031
visa,candle,2,cls,max,95.11800000000001,84.341,10.777000000000015,memory,95.11800000000001
visa,macaroni2,2,cls,oracle,66.76149999999998,77.49499999999999,10.733500000000006,semantic,100.0
visa,macaroni2,2,cls,harmonic,66.76149999999998,77.49499999999999,10.733500000000006,semantic,76.92049999999999
visa,macaroni2,2,cls,max,66.76149999999998,77.49499999999999,10.733500000000006,semantic,77.5565
mvtec,hazelnut,4,seg,max,88.02492326548888,98.75566561726087,10.730742351771994,semantic,98.75566561726087
mvtec,hazelnut,4,seg,oracle,88.02492326548888,98.75566561726087,10.730742351771994,semantic,98.75566561726087
mvtec,hazelnut,4,seg,harmonic,87.74941755378562,98.44657418120757,10.697156627421947,semantic,98.44657418120757
mvtec,screw,2,cls,max,66.41729862676777,55.91309694609551,10.504201680672267,memory,66.41729862676777
mvtec,screw,2,cls,harmonic,66.41729862676777,55.91309694609551,10.504201680672267,memory,58.03443328550932
mvtec,screw,2,cls,oracle,66.41729862676777,55.91309694609551,10.504201680672267,memory,100.0
visa,macaroni2,4,cls,max,63.1125,73.26400000000001,10.151500000000013,semantic,73.2415
visa,macaroni2,4,cls,oracle,63.1125,73.26400000000001,10.151500000000013,semantic,99.9885
visa,macaroni2,4,cls,harmonic,63.1125,73.26400000000001,10.151500000000013,semantic,71.03599999999999
