dataset,class,k_shot,task,mode,auroc,semantic_auroc,memory_auroc,gap,oracle_semantic_ratio,oracle_memory_ratio
visa,cashew,1,seg,semantic,96.59957061417101,,,,,
visa,cashew,1,seg,memory,90.81531574230246,,,,,
visa,cashew,1,seg,max,97.47362994222797,54.274758565081875,97.47362994222797,43.1988713771461,,
visa,cashew,1,seg,harmonic,99.36933837335832,55.3303170527505,99.36933837335832,44.039021320607816,,
visa,cashew,1,seg,oracle,97.47362994222797,54.274758565081875,97.47362994222797,43.1988713771461,,
visa,pcb4,1,cls,semantic,86.64875621890548,,,,,
visa,pcb4,1,cls,memory,81.68756218905473,,,,,
visa,pcb4,1,cls,max,86.64875621890548,86.64875621890548,81.68756218905473,0.0,,
visa,pcb4,1,cls,harmonic,83.20547263681593,86.64875621890548,81.68756218905473,-3.4432835820895513,,
visa,pcb4,1,cls,oracle,100.0,86.64875621890548,81.68756218905473,13.351243781094524,9.049773755656108,90.9502262443439
visa,chewinggum,1,seg,semantic,98.48669057467416,,,,,
visa,chewinggum,1,seg,memory,97.51884612040152,,,,,
visa,chewinggum,1,seg,max,99.03873471946389,72.77213897194461,99.03873471946389,26.266595747519276,,
visa,chewinggum,1,seg,harmonic,99.54255825781965,73.14234075869419,99.54255825781965,26.40021749912546,,
visa,chewinggum,1,seg,oracle,99.03873471946389,72.77213897194461,99.03873471946389,26.266595747519276,,
visa,pcb3,1,cls,semantic,72.70129224652088,,,,,
visa,pcb3,1,cls,memory,70.97415506958251,,,,,
visa,pcb3,1,cls,max,75.58946322067594,72.70129224652088,70.97415506958251,2.8881709741550576,,
visa,pcb3,1,cls,harmonic,72.70178926441352,72.70129224652088,70.97415506958251,0.0004970178926422264,,
visa,pcb3,1,cls,oracle,95.17097415506957,72.70129224652088,70.97415506958251,22.4696819085487,26.763110307414106,73.23688969258589
visa,macaroni2,1,seg,semantic,94.60776260589134,,,,,
visa,macaroni2,1,seg,memory,90.04114554322004,,,,,
visa,macaroni2,1,seg,max,95.13437967808234,93.21295395053687,95.13437967808234,1.9214257275454685,,
visa,macaroni2,1,seg,harmonic,95.13993358389087,93.2183956843047,95.13993358389087,1.9215378995861698,,
visa,macaroni2,1,seg,oracle,95.13437967808234,93.21295395053687,95.13437967808234,1.9214257275454685,,
visa,fryum,1,seg,semantic,93.0307467764163,,,,,
visa,fryum,1,seg,memory,93.1698404201018,,,,,
visa,fryum,1,seg,max,94.38613996619983,94.38613996619983,91.54132165162538,2.8448183145744537,,
visa,fryum,1,seg,harmonic,96.24615563934678,96.24615563934678,93.34527605715127,2.9008795821955147,,
visa,fryum,1,seg,oracle,94.38613996619983,94.38613996619983,91.54132165162538,2.8448183145744537,,
visa,macaroni2,1,cls,semantic,68.027,,,,,
visa,macaroni2,1,cls,memory,66.97000000000001,,,,,
visa,macaroni2,1,cls,max,68.027,68.027,66.97000000000001,0.0,,
visa,macaroni2,1,cls,harmonic,67.8065,68.027,66.97000000000001,-0.22050000000000125,,
visa,macaroni2,1,cls,oracle,100.0,68.027,66.97000000000001,31.972999999999995,9.090909090909092,90.9090909090909
visa,capsules,1,cls,semantic,59.91029900332225,,,,,
visa,capsules,1,cls,memory,74.16362126245846,,,,,
visa,capsules,1,cls,max,74.21677740863787,59.91029900332225,74.16362126245846,0.053156146179400565,,
visa,capsules,1,cls,harmonic,72.33803986710963,59.91029900332225,74.16362126245846,-1.825581395348841,,
visa,capsules,1,cls,oracle,100.0,59.91029900332225,74.16362126245846,25.836378737541533,85.61253561253561,14.387464387464387
visa,candle,1,cls,semantic,95.5905,,,,,
visa,candle,1,cls,memory,88.675,,,,,
visa,candle,1,cls,max,95.5905,95.5905,88.675,0.0,,
visa,candle,1,cls,harmonic,90.511,95.5905,88.675,-5.079500000000003,,
visa,candle,1,cls,oracle,100.0,95.5905,88.675,4.4094999999999995,9.090909090909092,90.9090909090909
visa,pcb4,1,seg,semantic,93.40326442212277,,,,,
visa,pcb4,1,seg,memory,93.84750067877032,,,,,
visa,pcb4,1,seg,max,96.99262528999894,65.05690530017442,96.99262528999894,31.93571998982452,,
visa,pcb4,1,seg,harmonic,96.9494092085382,65.02791851369834,96.9494092085382,31.92149069483986,,
visa,pcb4,1,seg,oracle,96.99262528999894,65.05690530017442,96.99262528999894,31.93571998982452,,
visa,pipe_fryum,1,seg,semantic,99.10766181742576,,,,,
visa,pipe_fryum,1,seg,memory,99.37161794652174,,,,,
visa,pipe_fryum,1,seg,max,99.37159990166818,19.67236475463406,99.37159990166818,79.69923514703412,,
visa,pipe_fryum,1,seg,harmonic,99.47073131619462,19.691989570448,99.47073131619462,79.77874174574661,,
visa,pipe_fryum,1,seg,oracle,99.37159990166818,19.67236475463406,99.37159990166818,79.69923514703412,,
visa,capsules,1,seg,semantic,66.95057746324208,,,,,
visa,capsules,1,seg,memory,93.38732794253775,,,,,
visa,capsules,1,seg,max,93.3870533413448,16.342669216656223,93.3870533413448,77.04438412468858,,
visa,capsules,1,seg,harmonic,70.68904119336487,12.370532917910268,70.68904119336487,58.318508275454604,,
visa,capsules,1,seg,oracle,93.3870533413448,16.342669216656223,93.3870533413448,77.04438412468858,,
visa,pcb1,1,cls,semantic,90.68974103585657,,,,,
visa,pcb1,1,cls,memory,92.24501992031871,,,,,
visa,pcb1,1,cls,max,92.0921314741036,90.68974103585657,92.24501992031871,-0.15288844621512698,,
visa,pcb1,1,cls,harmonic,94.57420318725099,90.68974103585657,92.24501992031871,2.3291832669322776,,
visa,pcb1,1,cls,oracle,100.0,90.68974103585657,92.24501992031871,7.7549800796812836,90.85144927536231,9.148550724637682
visa,macaroni1,1,cls,semantic,67.07600000000001,,,,,
visa,macaroni1,1,cls,memory,76.728,,,,,
visa,macaroni1,1,cls,max,76.9,67.07600000000001,76.728,0.17200000000001658,,
visa,macaroni1,1,cls,harmonic,74.976,67.07600000000001,76.728,-1.751999999999998,,
visa,macaroni1,1,cls,oracle,100.0,67.07600000000001,76.728,23.272000000000006,90.81818181818181,9.181818181818182
visa,pcb2,1,seg,semantic,90.19580852658457,,,,,
visa,pcb2,1,seg,memory,93.39283222168713,,,,,
visa,pcb2,1,seg,max,95.27105818107046,82.843717434427,95.27105818107046,12.427340746643452,,
visa,pcb2,1,seg,harmonic,96.11111145447848,83.5741925371577,96.11111145447848,12.536918917320776,,
visa,pcb2,1,seg,oracle,95.27105818107046,82.843717434427,95.27105818107046,12.427340746643452,,
visa,fryum,1,cls,semantic,80.723,,,,,
visa,fryum,1,cls,memory,84.05799999999999,,,,,
visa,fryum,1,cls,max,84.212,80.723,84.05799999999999,0.15399999999999858,,
visa,fryum,1,cls,harmonic,85.97300000000001,80.723,84.05799999999999,1.9150000000000111,,
visa,fryum,1,cls,oracle,100.0,80.723,84.05799999999999,15.942,82.33333333333334,17.666666666666668
visa,cashew,1,cls,semantic,93.18299999999999,,,,,
visa,cashew,1,cls,memory,84.76799999999999,,,,,
visa,cashew,1,cls,max,93.18299999999999,93.18299999999999,84.76799999999999,0.0,,
visa,cashew,1,cls,harmonic,85.667,93.18299999999999,84.76799999999999,-7.515999999999989,,
visa,cashew,1,cls,oracle,100.0,93.18299999999999,84.76799999999999,6.817000000000006,16.666666666666664,83.33333333333334
visa,candle,1,seg,semantic,89.24521818760688,,,,,
visa,candle,1,seg,memory,94.42308699819728,,,,,
visa,candle,1,seg,max,94.4360132864848,52.260750704209826,94.4360132864848,42.17526258227497,,
visa,candle,1,seg,harmonic,93.68642126181535,51.84592758146455,93.68642126181535,41.840493680350804,,
visa,candle,1,seg,oracle,94.4360132864848,52.260750704209826,94.4360132864848,42.17526258227497,,
visa,pcb2,1,cls,semantic,63.74825174825175,,,,,
visa,pcb2,1,cls,memory,78.05294705294705,,,,,
visa,pcb2,1,cls,max,78.60639360639361,63.74825174825175,78.05294705294705,0.5534465534465571,,
visa,pcb2,1,cls,harmonic,79.89460539460539,63.74825174825175,78.05294705294705,1.8416583416583365,,
visa,pcb2,1,cls,oracle,97.66733266733267,63.74825174825175,78.05294705294705,19.614385614385622,54.76839237057221,45.23160762942779
visa,pcb1,1,seg,semantic,85.70404554037644,,,,,
visa,pcb1,1,seg,memory,98.69034723698468,,,,,
visa,pcb1,1,seg,max,98.76956575640861,46.729629987908986,98.76956575640861,52.039935768499625,,
visa,pcb1,1,seg,harmonic,94.86405120033426,44.88186191562802,94.86405120033426,49.98218928470624,,
visa,pcb1,1,seg,oracle,98.76956575640861,46.729629987908986,98.76956575640861,52.039935768499625,,
visa,macaroni1,1,seg,semantic,94.64033893717682,,,,,
visa,macaroni1,1,seg,memory,89.19919616897654,,,,,
visa,macaroni1,1,seg,max,95.58183944106597,79.35861394883281,95.58183944106597,16.223225492233155,,
visa,macaroni1,1,seg,harmonic,96.34138362541661,79.98923974611232,96.34138362541661,16.352143879304293,,
visa,macaroni1,1,seg,oracle,95.58183944106597,79.35861394883281,95.58183944106597,16.223225492233155,,
visa,pipe_fryum,1,cls,semantic,88.06599999999999,,,,,
visa,pipe_fryum,1,cls,memory,99.214,,,,,
visa,pipe_fryum,1,cls,max,99.238,88.06599999999999,99.214,0.024000000000001798,,
visa,pipe_fryum,1,cls,harmonic,97.88900000000001,88.06599999999999,99.214,-1.3249999999999984,,
visa,pipe_fryum,1,cls,oracle,100.0,88.06599999999999,99.214,0.7859999999999978,83.16666666666667,16.833333333333332
visa,pcb3,1,seg,semantic,86.50720201205367,,,,,
visa,pcb3,1,seg,memory,95.59590264461625,,,,,
visa,pcb3,1,seg,max,96.08172496932903,61.45373673385205,96.08172496932903,34.627988235476984,,
visa,pcb3,1,seg,harmonic,92.56604978857116,59.205115811725605,92.56604978857116,33.36093397684556,,
visa,pcb3,1,seg,oracle,96.08172496932903,61.45373673385205,96.08172496932903,34.627988235476984,,
visa,chewinggum,1,cls,semantic,95.58051689860835,,,,,
visa,chewinggum,1,cls,memory,92.45129224652088,,,,,
visa,chewinggum,1,cls,max,95.58051689860835,95.58051689860835,92.45129224652088,0.0,,
visa,chewinggum,1,cls,harmonic,92.99602385685884,95.58051689860835,92.45129224652088,-2.5844930417495138,,
visa,chewinggum,1,cls,oracle,100.0,95.58051689860835,92.45129224652088,4.419483101391641,16.58374792703151,83.41625207296849
visa,cashew,2,seg,semantic,95.56591149712949,,,,,
visa,cashew,2,seg,memory,89.77796804468457,,,,,
visa,cashew,2,seg,max,95.56591149712949,95.56591149712949,32.1343115198229,63.43159997730659,,
visa,cashew,2,seg,harmonic,93.71969389862592,93.71969389862592,31.513515563249257,62.20617833537666,,
visa,cashew,2,seg,oracle,95.56591149712949,95.56591149712949,32.1343115198229,63.43159997730659,,
visa,pcb4,2,cls,semantic,85.7636815920398,,,,,
visa,pcb4,2,cls,memory,77.06567164179104,,,,,
visa,pcb4,2,cls,max,85.7636815920398,85.7636815920398,77.06567164179104,0.0,,
visa,pcb4,2,cls,harmonic,77.7134328358209,85.7636815920398,77.06567164179104,-8.050248756218913,,
visa,pcb4,2,cls,oracle,100.0,85.7636815920398,77.06567164179104,14.23631840796019,9.049773755656108,90.9502262443439
visa,chewinggum,2,seg,semantic,98.64634215490895,,,,,
visa,chewinggum,2,seg,memory,97.76184307397268,,,,,
visa,chewinggum,2,seg,max,99.20893545608756,78.56399748608439,99.20893545608756,20.64493797000317,,
visa,chewinggum,2,seg,harmonic,99.58299914945418,78.86022018951515,99.58299914945418,20.722778959939035,,
visa,chewinggum,2,seg,oracle,99.20893545608756,78.56399748608439,99.20893545608756,20.64493797000317,,
visa,pcb3,2,cls,semantic,73.76888667992048,,,,,
visa,pcb3,2,cls,memory,71.93936381709742,,,,,
visa,pcb3,2,cls,max,73.76888667992048,73.76888667992048,71.93936381709742,0.0,,
visa,pcb3,2,cls,harmonic,73.00198807157057,73.76888667992048,71.93936381709742,-0.7668986083499196,,
visa,pcb3,2,cls,oracle,100.0,73.76888667992048,71.93936381709742,26.231113320079512,9.041591320072333,90.95840867992767
visa,macaroni2,2,seg,semantic,94.41147939174519,,,,,
visa,macaroni2,2,seg,memory,92.83275550515214,,,,,
visa,macaroni2,2,seg,max,95.70362622254707,89.60617721587062,95.70362622254707,6.097449006676456,,
visa,macaroni2,2,seg,harmonic,96.48138804944838,90.33438644726377,96.48138804944838,6.147001602184616,,
visa,macaroni2,2,seg,oracle,95.70362622254707,89.60617721587062,95.70362622254707,6.097449006676456,,
visa,fryum,2,seg,semantic,91.11339589055866,,,,,
visa,fryum,2,seg,memory,94.83269037653183,,,,,
visa,fryum,2,seg,max,95.36518294968003,74.38324200794675,95.36518294968003,20.981940941733285,,
visa,fryum,2,seg,harmonic,97.03140729800445,75.68286903227015,97.03140729800445,21.348538265734305,,
visa,fryum,2,seg,oracle,95.36518294968003,74.38324200794675,95.36518294968003,20.981940941733285,,
visa,macaroni2,2,cls,semantic,66.76149999999998,,,,,
visa,macaroni2,2,cls,memory,77.49499999999999,,,,,
visa,macaroni2,2,cls,max,77.5565,66.76149999999998,77.49499999999999,0.06150000000001432,,
visa,macaroni2,2,cls,harmonic,76.92049999999999,66.76149999999998,77.49499999999999,-0.5745,,
visa,macaroni2,2,cls,oracle,100.0,66.76149999999998,77.49499999999999,22.50500000000001,90.72727272727272,9.272727272727273
visa,capsules,2,cls,semantic,55.942691029900324,,,,,
visa,capsules,2,cls,memory,76.39867109634551,,,,,
visa,capsules,2,cls,max,76.17109634551495,55.942691029900324,76.39867109634551,-0.22757475083056145,,
visa,capsules,2,cls,harmonic,75.00996677740864,55.942691029900324,76.39867109634551,-1.3887043189368842,,
visa,capsules,2,cls,oracle,100.0,55.942691029900324,76.39867109634551,23.601328903654483,85.47008547008546,14.529914529914532
visa,candle,2,cls,semantic,95.11800000000001,,,,,
visa,candle,2,cls,memory,84.341,,,,,
visa,candle,2,cls,max,95.11800000000001,95.11800000000001,84.341,0.0,,
visa,candle,2,cls,harmonic,85.031,95.11800000000001,84.341,-10.087000000000002,,
visa,candle,2,cls,oracle,100.0,95.11800000000001,84.341,4.881999999999998,9.090909090909092,90.9090909090909
visa,pcb4,2,seg,semantic,92.62819085447312,,,,,
visa,pcb4,2,seg,memory,93.16805911335392,,,,,
visa,pcb4,2,seg,max,96.85820497876166,64.97393548623202,96.85820497876166,31.88426949252964,,
visa,pcb4,2,seg,harmonic,96.36568826440316,64.64354789303187,96.36568826440316,31.722140371371296,,
visa,pcb4,2,seg,oracle,96.85820497876166,64.97393548623202,96.85820497876166,31.88426949252964,,
visa,pipe_fryum,2,seg,semantic,99.00656045665119,,,,,
visa,pipe_fryum,2,seg,memory,99.53958961743807,,,,,
visa,pipe_fryum,2,seg,max,99.53953816028184,20.167733490757804,99.53953816028184,79.37180466952404,,
visa,pipe_fryum,2,seg,harmonic,99.50818104536576,20.161380216989865,99.50818104536576,79.34680082837589,,
visa,pipe_fryum,2,seg,oracle,99.53953816028184,20.167733490757804,99.53953816028184,79.37180466952404,,
visa,capsules,2,seg,semantic,67.58924263300752,,,,,
visa,capsules,2,seg,memory,94.41306537670278,,,,,
visa,capsules,2,seg,max,94.41353723781054,24.047705749184832,94.41353723781054,70.36583148862572,,
visa,capsules,2,seg,harmonic,73.96046166938781,18.83818222824745,73.96046166938781,55.122279441140364,,
visa,capsules,2,seg,oracle,94.41353723781054,24.047705749184832,94.41353723781054,70.36583148862572,,
visa,pcb1,2,cls,semantic,90.84661354581674,,,,,
visa,pcb1,2,cls,memory,93.11752988047809,,,,,
visa,pcb1,2,cls,max,93.1195219123506,90.84661354581674,93.11752988047809,0.0019920318725108466,,
visa,pcb1,2,cls,harmonic,94.68625498007968,90.84661354581674,93.11752988047809,1.5687250996015867,,
visa,pcb1,2,cls,oracle,100.0,90.84661354581674,93.11752988047809,6.88247011952191,90.76086956521739,9.239130434782608
visa,macaroni1,2,cls,semantic,83.55550000000001,,,,,
visa,macaroni1,2,cls,memory,81.279,,,,,
visa,macaroni1,2,cls,max,86.206,83.55550000000001,81.279,2.6505,,
visa,macaroni1,2,cls,harmonic,83.3825,83.55550000000001,81.279,-0.17300000000001203,,
visa,macaroni1,2,cls,oracle,99.88,83.55550000000001,81.279,16.324499999999997,6.8181818181818175,93.18181818181817
visa,pcb2,2,seg,semantic,90.45336831602984,,,,,
visa,pcb2,2,seg,memory,90.21220205261587,,,,,
visa,pcb2,2,seg,max,95.45018951902901,89.3751683526268,95.45018951902901,6.075021166402209,,
visa,pcb2,2,seg,harmonic,95.53311983290206,89.45282048512951,95.53311983290206,6.080299347772552,,
visa,pcb2,2,seg,oracle,95.45018951902901,89.3751683526268,95.45018951902901,6.075021166402209,,
visa,fryum,2,cls,semantic,77.483,,,,,
visa,fryum,2,cls,memory,86.10799999999999,,,,,
visa,fryum,2,cls,max,86.24300000000001,77.483,86.10799999999999,0.13500000000000734,,
visa,fryum,2,cls,harmonic,86.707,77.483,86.10799999999999,0.5990000000000051,,
visa,fryum,2,cls,oracle,99.41199999999999,77.483,86.10799999999999,13.303999999999993,78.16666666666666,21.833333333333332
visa,cashew,2,cls,semantic,92.38000000000001,,,,,
visa,cashew,2,cls,memory,84.34000000000002,,,,,
visa,cashew,2,cls,max,92.38000000000001,92.38000000000001,84.34000000000002,0.0,,
visa,cashew,2,cls,harmonic,85.694,92.38000000000001,84.34000000000002,-6.6860000000000035,,
visa,cashew,2,cls,oracle,100.0,92.38000000000001,84.34000000000002,7.619999999999994,16.666666666666664,83.33333333333334
visa,candle,2,seg,semantic,87.72577813481035,,,,,
visa,candle,2,seg,memory,95.20890525710747,,,,,
visa,candle,2,seg,max,95.16104574467902,67.66551828123615,95.16104574467902,27.49552746344287,,
visa,candle,2,seg,harmonic,94.17911646055977,66.96730449632544,94.17911646055977,27.21181196423433,,
visa,candle,2,seg,oracle,95.16104574467902,67.66551828123615,95.16104574467902,27.49552746344287,,
visa,pcb2,2,cls,semantic,64.08291708291709,,,,,
visa,pcb2,2,cls,memory,74.9090909090909,,,,,
visa,pcb2,2,cls,max,75.15784215784215,64.08291708291709,74.9090909090909,0.24875124875125554,,
visa,pcb2,2,cls,harmonic,77.0054945054945,64.08291708291709,74.9090909090909,2.0964035964035954,,
visa,pcb2,2,cls,oracle,100.0,64.08291708291709,74.9090909090909,25.090909090909097,90.73569482288828,9.264305177111716
visa,pcb1,2,seg,semantic,89.43959378826098,,,,,
visa,pcb1,2,seg,memory,98.18545547758497,,,,,
visa,pcb1,2,seg,max,98.50068337662134,54.54279964662615,98.50068337662134,43.95788372999519,,
visa,pcb1,2,seg,harmonic,96.98711188882133,53.70468945713364,96.98711188882133,43.28242243168769,,
visa,pcb1,2,seg,oracle,98.50068337662134,54.54279964662615,98.50068337662134,43.95788372999519,,
visa,macaroni1,2,seg,semantic,96.12410982721269,,,,,
visa,macaroni1,2,seg,memory,90.44208946639213,,,,,
visa,macaroni1,2,seg,max,96.57013187192817,94.97811974890544,96.57013187192817,1.5920121230227267,,
visa,macaroni1,2,seg,harmonic,96.98277069964811,95.38395599695167,96.98277069964811,1.598814702696444,,
visa,macaroni1,2,seg,oracle,96.57013187192817,94.97811974890544,96.57013187192817,1.5920121230227267,,
visa,pipe_fryum,2,cls,semantic,83.097,,,,,
visa,pipe_fryum,2,cls,memory,98.714,,,,,
visa,pipe_fryum,2,cls,max,98.79100000000001,83.097,98.714,0.07700000000000484,,
visa,pipe_fryum,2,cls,harmonic,98.249,83.097,98.714,-0.4650000000000043,,
visa,pipe_fryum,2,cls,oracle,99.569,83.097,98.714,0.8549999999999947,49.833333333333336,50.16666666666667
visa,pcb3,2,seg,semantic,86.40482996885515,,,,,
visa,pcb3,2,seg,memory,93.9285232808698,,,,,
visa,pcb3,2,seg,max,95.40766167537687,87.0651776428467,95.40766167537687,8.342484032530166,,
visa,pcb3,2,seg,harmonic,93.90657996683758,85.69535111827389,93.90657996683758,8.211228848563692,,
visa,pcb3,2,seg,oracle,95.40766167537687,87.0651776428467,95.40766167537687,8.342484032530166,,
visa,chewinggum,2,cls,semantic,95.96123260437376,,,,,
visa,chewinggum,2,cls,memory,95.12922465208747,,,,,
visa,chewinggum,2,cls,max,95.96123260437376,95.96123260437376,95.12922465208747,0.0,,
visa,chewinggum,2,cls,harmonic,95.42942345924452,95.96123260437376,95.12922465208747,-0.5318091451292362,,
visa,chewinggum,2,cls,oracle,100.0,95.96123260437376,95.12922465208747,4.038767395626241,16.58374792703151,83.41625207296849
visa,cashew,4,seg,semantic,95.29732625458233,,,,,
visa,cashew,4,seg,memory,87.98799532072339,,,,,
visa,cashew,4,seg,max,95.29732625458233,95.29732625458233,29.899785731146128,65.3975405234362,,
visa,cashew,4,seg,harmonic,91.95445375955818,91.95445375955818,28.850950729618916,63.10350302993926,,
visa,cashew,4,seg,oracle,95.29732625458233,95.29732625458233,29.899785731146128,65.3975405234362,,
visa,pcb4,4,cls,semantic,80.1582089552239,,,,,
visa,pcb4,4,cls,memory,86.37114427860698,,,,,
visa,pcb4,4,cls,max,86.39850746268657,80.1582089552239,86.37114427860698,0.02736318407959848,,
visa,pcb4,4,cls,harmonic,88.25273631840795,80.1582089552239,86.37114427860698,1.8815920398009833,,
visa,pcb4,4,cls,oracle,99.95124378109452,80.1582089552239,86.37114427860698,13.580099502487553,87.14932126696833,12.850678733031673
visa,chewinggum,4,seg,semantic,98.60818401428615,,,,,
visa,chewinggum,4,seg,memory,96.91984083241054,,,,,
visa,chewinggum,4,seg,max,99.14072243994568,80.21547643182058,99.14072243994568,18.9252460081251,,
visa,chewinggum,4,seg,harmonic,99.60949826594236,80.59476634717117,99.60949826594236,19.01473191877119,,
visa,chewinggum,4,seg,oracle,99.14072243994568,80.21547643182058,99.14072243994568,18.9252460081251,,
visa,pcb3,4,cls,semantic,72.05318091451292,,,,,
visa,pcb3,4,cls,memory,80.17296222664017,,,,,
visa,pcb3,4,cls,max,81.93041749502983,72.05318091451292,80.17296222664017,1.7574552683896627,,
visa,pcb3,4,cls,harmonic,81.47962226640159,72.05318091451292,80.17296222664017,1.3066600397614203,,
visa,pcb3,4,cls,oracle,97.37972166998013,72.05318091451292,80.17296222664017,17.20675944333996,17.269439421338156,82.73056057866185
visa,macaroni2,4,seg,semantic,93.76848564221613,,,,,
visa,macaroni2,4,seg,memory,91.51984522372777,,,,,
visa,macaroni2,4,seg,max,94.84360115921771,94.84360115921771,74.80911936040694,20.034481798810774,,
visa,macaroni2,4,seg,harmonic,94.95689610805525,94.95689610805525,74.89848221933393,20.05841388872132,,
visa,macaroni2,4,seg,oracle,94.84360115921771,94.84360115921771,74.80911936040694,20.034481798810774,,
visa,fryum,4,seg,semantic,93.4951243688127,,,,,
visa,fryum,4,seg,memory,95.10369002750775,,,,,
visa,fryum,4,seg,max,96.01561875546122,86.31297714763875,96.01561875546122,9.702641607822471,,
visa,fryum,4,seg,harmonic,97.23277907361725,87.40714007745936,97.23277907361725,9.825638996157892,,
visa,fryum,4,seg,oracle,96.01561875546122,86.31297714763875,96.01561875546122,9.702641607822471,,
visa,macaroni2,4,cls,semantic,63.1125,,,,,
visa,macaroni2,4,cls,memory,73.26400000000001,,,,,
visa,macaroni2,4,cls,max,73.2415,63.1125,73.26400000000001,-0.022500000000003073,,
visa,macaroni2,4,cls,harmonic,71.03599999999999,63.1125,73.26400000000001,-2.228000000000019,,
visa,macaroni2,4,cls,oracle,99.9885,63.1125,73.26400000000001,26.724499999999995,90.54545454545455,9.454545454545455
visa,capsules,4,cls,semantic,57.80813953488373,,,,,
visa,capsules,4,cls,memory,70.27906976744187,,,,,
visa,capsules,4,cls,max,70.1295681063123,57.80813953488373,70.27906976744187,-0.14950166112956964,,
visa,capsules,4,cls,harmonic,70.19186046511628,57.80813953488373,70.27906976744187,-0.0872093023255971,,
visa,capsules,4,cls,oracle,100.0,57.80813953488373,70.27906976744187,29.72093023255813,85.18518518518519,14.814814814814813
visa,candle,4,cls,semantic,95.113,,,,,
visa,candle,4,cls,memory,86.07849999999999,,,,,
visa,candle,4,cls,max,95.113,95.113,86.07849999999999,0.0,,
visa,candle,4,cls,harmonic,86.81949999999999,95.113,86.07849999999999,-8.293500000000009,,
visa,candle,4,cls,oracle,100.0,95.113,86.07849999999999,4.886999999999997,9.090909090909092,90.9090909090909
visa,pcb4,4,seg,semantic,93.37090834519978,,,,,
visa,pcb4,4,seg,memory,93.20029874970362,,,,,
visa,pcb4,4,seg,max,97.9433273780934,65.56300793435463,97.9433273780934,32.38031944373877,,
visa,pcb4,4,seg,harmonic,97.88581897773484,65.52451196112263,97.88581897773484,32.361307016612216,,
visa,pcb4,4,seg,oracle,97.9433273780934,65.56300793435463,97.9433273780934,32.38031944373877,,
visa,pipe_fryum,4,seg,semantic,98.92619965244002,,,,,
visa,pipe_fryum,4,seg,memory,99.54291654118663,,,,,
visa,pipe_fryum,4,seg,max,99.54223917493839,27.696622132372553,99.54223917493839,71.84561704256583,,
visa,pipe_fryum,4,seg,harmonic,99.56919497537604,27.704122311444124,99.56919497537604,71.86507266393191,,
visa,pipe_fryum,4,seg,oracle,99.54223917493839,27.696622132372553,99.54223917493839,71.84561704256583,,
visa,capsules,4,seg,semantic,61.5407139706039,,,,,
visa,capsules,4,seg,memory,95.63333566280143,,,,,
visa,capsules,4,seg,max,95.631540283649,19.42550424127717,95.631540283649,76.20603604237184,,
visa,capsules,4,seg,harmonic,66.09944227315965,13.426689483562132,66.09944227315965,52.672752789597524,,
visa,capsules,4,seg,oracle,95.631540283649,19.42550424127717,95.631540283649,76.20603604237184,,
visa,pcb1,4,cls,semantic,91.1269920318725,,,,,
visa,pcb1,4,cls,memory,93.67529880478087,,,,,
visa,pcb1,4,cls,max,93.63645418326693,91.1269920318725,93.67529880478087,-0.03884462151393375,,
visa,pcb1,4,cls,harmonic,95.04631474103587,91.1269920318725,93.67529880478087,1.3710159362549934,,
visa,pcb1,4,cls,oracle,99.93276892430279,91.1269920318725,93.67529880478087,6.2574701195219244,74.54710144927536,25.45289855072464
visa,macaroni1,4,cls,semantic,83.7295,,,,,
visa,macaroni1,4,cls,memory,83.534,,,,,
visa,macaroni1,4,cls,max,83.5685,83.7295,83.534,-0.16100000000000003,,
visa,macaroni1,4,cls,harmonic,87.2345,83.7295,83.534,3.5049999999999915,,
visa,macaroni1,4,cls,oracle,100.0,83.7295,83.534,16.2705,90.54545454545455,9.454545454545455
visa,pcb2,4,seg,semantic,89.55996482331987,,,,,
visa,pcb2,4,seg,memory,84.44882799105213,,,,,
visa,pcb2,4,seg,max,94.85184299646396,94.85184299646396,78.79775382933752,16.054089167126435,,
visa,pcb2,4,seg,harmonic,93.63832377886925,93.63832377886925,77.78962804543723,15.848695733432024,,
visa,pcb2,4,seg,oracle,94.85184299646396,94.85184299646396,78.79775382933752,16.054089167126435,,
visa,fryum,4,cls,semantic,76.88600000000001,,,,,
visa,fryum,4,cls,memory,88.99600000000001,,,,,
visa,fryum,4,cls,max,90.104,76.88600000000001,88.99600000000001,1.1079999999999868,,
visa,fryum,4,cls,harmonic,90.157,76.88600000000001,88.99600000000001,1.1609999999999898,,
visa,fryum,4,cls,oracle,98.099,76.88600000000001,88.99600000000001,9.102999999999994,26.0,74.0
visa,cashew,4,cls,semantic,92.31800000000001,,,,,
visa,cashew,4,cls,memory,83.43599999999999,,,,,
visa,cashew,4,cls,max,92.31800000000001,92.31800000000001,83.43599999999999,0.0,,
visa,cashew,4,cls,harmonic,84.571,92.31800000000001,83.43599999999999,-7.747000000000015,,
visa,cashew,4,cls,oracle,100.0,92.31800000000001,83.43599999999999,7.681999999999989,16.666666666666664,83.33333333333334
visa,candle,4,seg,semantic,88.0904170930068,,,,,
visa,candle,4,seg,memory,94.3571327204595,,,,,
visa,candle,4,seg,max,94.10934091363603,65.48249853777143,94.10934091363603,28.626842375864598,,
visa,candle,4,seg,harmonic,93.63903730599968,65.15525519507692,93.63903730599968,28.48378211092276,,
visa,candle,4,seg,oracle,94.10934091363603,65.48249853777143,94.10934091363603,28.626842375864598,,
visa,pcb2,4,cls,semantic,64.83616383616383,,,,,
visa,pcb2,4,cls,memory,75.68031968031967,,,,,
visa,pcb2,4,cls,max,76.09590409590409,64.83616383616383,75.68031968031967,0.4155844155844135,,
visa,pcb2,4,cls,harmonic,77.5104895104895,64.83616383616383,75.68031968031967,1.8301698301698366,,
visa,pcb2,4,cls,oracle,100.0,64.83616383616383,75.68031968031967,24.319680319680327,90.55404178019982,9.44595821980018
visa,pcb1,4,seg,semantic,89.56871706695603,,,,,
visa,pcb1,4,seg,memory,98.15929045194117,,,,,
visa,pcb1,4,seg,max,98.32865313177177,47.42919077708231,98.32865313177177,50.89946235468946,,
visa,pcb1,4,seg,harmonic,96.84542778872213,46.71375152798947,96.84542778872213,50.13167626073266,,
visa,pcb1,4,seg,oracle,98.32865313177177,47.42919077708231,98.32865313177177,50.89946235468946,,
visa,macaroni1,4,seg,semantic,95.61130818561107,,,,,
visa,macaroni1,4,seg,memory,91.22873890337975,,,,,
visa,macaroni1,4,seg,max,96.5926074277556,91.23428326770505,96.5926074277556,5.358324160050543,,
visa,macaroni1,4,seg,harmonic,97.23929036096325,91.84509247437012,97.23929036096325,5.394197886593133,,
visa,macaroni1,4,seg,oracle,96.5926074277556,91.23428326770505,96.5926074277556,5.358324160050543,,
visa,pipe_fryum,4,cls,semantic,73.178,,,,,
visa,pipe_fryum,4,cls,memory,98.6,,,,,
visa,pipe_fryum,4,cls,max,98.60200000000002,73.178,98.6,0.0020000000000131024,,
visa,pipe_fryum,4,cls,harmonic,96.57,73.178,98.6,-2.0299999999999985,,
visa,pipe_fryum,4,cls,oracle,100.0,73.178,98.6,1.4000000000000012,82.66666666666667,17.333333333333336
visa,pcb3,4,seg,semantic,85.47621347481613,,,,,
visa,pcb3,4,seg,memory,95.98546823483163,,,,,
visa,pcb3,4,seg,max,96.40106196751977,71.34381822613062,96.40106196751977,25.057243741389144,,
visa,pcb3,4,seg,harmonic,93.98011941577114,69.55214413226999,93.98011941577114,24.427975283501155,,
visa,pcb3,4,seg,oracle,96.40106196751977,71.34381822613062,96.40106196751977,25.057243741389144,,
visa,chewinggum,4,cls,semantic,95.84393638170974,,,,,
visa,chewinggum,4,cls,memory,94.66600397614313,,,,,
visa,chewinggum,4,cls,max,95.84393638170974,95.84393638170974,94.66600397614313,0.0,,
visa,chewinggum,4,cls,harmonic,95.0099403578529,95.84393638170974,94.66600397614313,-0.8339960238568422,,
visa,chewinggum,4,cls,oracle,100.0,95.84393638170974,94.66600397614313,4.156063618290262,16.58374792703151,83.41625207296849
mvtec,hazelnut,1,seg,semantic,95.6793716886231,,,,,
mvtec,hazelnut,1,seg,memory,98.78337339104466,,,,,
mvtec,hazelnut,1,seg,max,98.78448912616335,98.78448912616335,91.5526857395671,7.231803386596255,,
mvtec,hazelnut,1,seg,harmonic,98.6564924082063,98.6564924082063,91.43405939044612,7.222433017760181,,
mvtec,hazelnut,1,seg,oracle,98.78448912616335,98.78448912616335,91.5526857395671,7.231803386596255,,
mvtec,capsule,1,cls,semantic,74.05265257279618,,,,,
mvtec,capsule,1,cls,memory,61.826884722776235,,,,,
mvtec,capsule,1,cls,max,74.05265257279618,74.05265257279618,61.826884722776235,0.0,,
mvtec,capsule,1,cls,harmonic,62.72437175907461,74.05265257279618,61.826884722776235,-11.32828081372157,,
mvtec,capsule,1,cls,oracle,100.0,74.05265257279618,61.826884722776235,25.947347427203827,82.57575757575758,17.424242424242426
mvtec,pill,1,seg,semantic,92.24472644846854,,,,,
mvtec,pill,1,seg,memory,93.49406215403663,,,,,
mvtec,pill,1,seg,max,95.30837937110921,95.30837937110921,92.16714047931985,3.1412388917893566,,
mvtec,pill,1,seg,harmonic,94.28040505400939,94.28040505400939,91.17304684433783,3.1073582096715597,,
mvtec,pill,1,seg,oracle,95.30837937110921,95.30837937110921,92.16714047931985,3.1412388917893566,,
mvtec,transistor,1,seg,semantic,72.44289969697357,,,,,
mvtec,transistor,1,seg,memory,90.02351442358587,,,,,
mvtec,transistor,1,seg,max,89.95683704672817,26.169816628338484,89.95683704672817,63.78702041838969,,
mvtec,transistor,1,seg,harmonic,75.87679219214544,22.07371672020357,75.87679219214544,53.803075471941874,,
mvtec,transistor,1,seg,oracle,89.95683704672817,26.169816628338484,89.95683704672817,63.78702041838969,,
mvtec,carpet,1,seg,semantic,99.09404450677451,,,,,
mvtec,carpet,1,seg,memory,99.36330969687734,,,,,
mvtec,carpet,1,seg,max,99.36115552604993,12.748856636974311,99.36115552604993,86.61229888907562,,
mvtec,carpet,1,seg,harmonic,99.26153615512,12.736074649169044,99.26153615512,86.52546150595096,,
mvtec,carpet,1,seg,oracle,99.36115552604993,12.748856636974311,99.36115552604993,86.61229888907562,,
mvtec,toothbrush,1,seg,semantic,95.21096530654512,,,,,
mvtec,toothbrush,1,seg,memory,98.27490956918885,,,,,
mvtec,toothbrush,1,seg,max,98.32143698753197,73.69401080695785,98.32143698753197,24.62742618057412,,
mvtec,toothbrush,1,seg,harmonic,98.12350955792508,73.54565998354288,98.12350955792508,24.5778495743822,,
mvtec,toothbrush,1,seg,oracle,98.32143698753197,73.69401080695785,98.32143698753197,24.62742618057412,,
mvtec,leather,1,cls,semantic,100.0,,,,,
mvtec,leather,1,cls,memory,99.7961956521739,,,,,
mvtec,leather,1,cls,max,100.0,100.0,99.7961956521739,0.0,,
mvtec,leather,1,cls,harmonic,99.8131793478261,100.0,99.7961956521739,-0.18682065217391353,,
mvtec,leather,1,cls,oracle,100.0,100.0,99.7961956521739,0.0,74.19354838709677,25.806451612903224
mvtec,grid,1,seg,semantic,97.97881304649587,,,,,
mvtec,grid,1,seg,memory,95.60767535317339,,,,,
mvtec,grid,1,seg,max,97.97881304649587,97.97881304649587,51.78047457391757,46.1983384725783,,
mvtec,grid,1,seg,harmonic,97.20243614922677,97.20243614922677,51.37016990764506,45.83226624158171,,
mvtec,grid,1,seg,oracle,97.97881304649587,97.97881304649587,51.78047457391757,46.1983384725783,,
mvtec,screw,1,cls,semantic,58.915761426521826,,,,,
mvtec,screw,1,cls,memory,54.088952654232436,,,,,
mvtec,screw,1,cls,max,58.915761426521826,58.915761426521826,54.088952654232436,0.0,,
mvtec,screw,1,cls,harmonic,54.81656077064972,58.915761426521826,54.088952654232436,-4.099200655872104,,
mvtec,screw,1,cls,oracle,100.0,58.915761426521826,54.088952654232436,41.084238573478174,74.375,25.624999999999996
mvtec,transistor,1,cls,semantic,90.25,,,,,
mvtec,transistor,1,cls,memory,67.29166666666666,,,,,
mvtec,transistor,1,cls,max,90.25,90.25,67.29166666666666,0.0,,
mvtec,transistor,1,cls,harmonic,70.70833333333333,90.25,67.29166666666666,-19.541666666666668,,
mvtec,transistor,1,cls,oracle,100.0,90.25,67.29166666666666,9.750000000000004,40.0,60.0
mvtec,tile,1,seg,semantic,94.20508893846396,,,,,
mvtec,tile,1,seg,memory,96.65668331679413,,,,,
mvtec,tile,1,seg,max,96.65676489839595,27.733202401126455,96.65676489839595,68.9235624972695,,
mvtec,tile,1,seg,harmonic,94.934381071513,27.239008132017783,94.934381071513,67.69537293949521,,
mvtec,tile,1,seg,oracle,96.65676489839595,27.733202401126455,96.65676489839595,68.9235624972695,,
mvtec,bottle,1,cls,semantic,96.58730158730158,,,,,
mvtec,bottle,1,cls,memory,99.76190476190476,,,,,
mvtec,bottle,1,cls,max,99.76190476190476,96.58730158730158,99.76190476190476,0.0,,
mvtec,bottle,1,cls,harmonic,99.92063492063492,96.58730158730158,99.76190476190476,0.15873015873015817,,
mvtec,bottle,1,cls,oracle,100.0,96.58730158730158,99.76190476190476,0.23809523809523725,24.096385542168676,75.90361445783132
mvtec,wood,1,cls,semantic,99.3859649122807,,,,,
mvtec,wood,1,cls,memory,98.07017543859648,,,,,
mvtec,wood,1,cls,max,98.85964912280701,99.3859649122807,98.07017543859648,-0.5263157894736858,,
mvtec,wood,1,cls,harmonic,99.03508771929825,99.3859649122807,98.07017543859648,-0.35087719298245723,,
mvtec,wood,1,cls,oracle,99.9122807017544,99.3859649122807,98.07017543859648,0.526315789473697,13.924050632911392,86.07594936708861
mvtec,capsule,1,seg,semantic,91.5175982805806,,,,,
mvtec,capsule,1,seg,memory,88.42446577549875,,,,,
mvtec,capsule,1,seg,max,93.20647938725693,81.31845875667267,93.20647938725693,11.888020630584265,,
mvtec,capsule,1,seg,harmonic,94.09773088650888,82.09603558137624,94.09773088650888,12.001695305132642,,
mvtec,capsule,1,seg,oracle,93.20647938725693,81.31845875667267,93.20647938725693,11.888020630584265,,
mvtec,pill,1,cls,semantic,85.44735406437533,,,,,
mvtec,pill,1,cls,memory,93.31696672122204,,,,,
mvtec,pill,1,cls,max,93.22149481723949,85.44735406437533,93.31696672122204,-0.0954719039825469,,
mvtec,pill,1,cls,harmonic,94.01254773595198,85.44735406437533,93.31696672122204,0.6955810147299402,,
mvtec,pill,1,cls,oracle,100.0,85.44735406437533,93.31696672122204,6.683033278777961,13.77245508982036,86.22754491017965
mvtec,wood,1,seg,semantic,90.66344304324444,,,,,
mvtec,wood,1,seg,memory,95.22063203934992,,,,,
mvtec,wood,1,seg,max,95.32879509404994,61.842660988259496,95.32879509404994,33.48613410579044,,
mvtec,wood,1,seg,harmonic,93.17007003350129,60.44223101372075,93.17007003350129,32.72783901978054,,
mvtec,wood,1,seg,oracle,95.32879509404994,61.842660988259496,95.32879509404994,33.48613410579044,,
mvtec,hazelnut,1,cls,semantic,83.58928571428571,,,,,
mvtec,hazelnut,1,cls,memory,99.82142857142857,,,,,
mvtec,hazelnut,1,cls,max,99.75,83.58928571428571,99.82142857142857,-0.07142857142856673,,
mvtec,hazelnut,1,cls,harmonic,98.82142857142857,83.58928571428571,99.82142857142857,-1.0000000000000009,,
mvtec,hazelnut,1,cls,oracle,100.0,83.58928571428571,99.82142857142857,0.17857142857142794,33.63636363636363,66.36363636363637
mvtec,zipper,1,seg,semantic,90.60254290977684,,,,,
mvtec,zipper,1,seg,memory,89.2241481757599,,,,,
mvtec,zipper,1,seg,max,90.60254290977684,90.60254290977684,23.02384612366793,67.5786967861089,,
mvtec,zipper,1,seg,harmonic,89.12015846366539,89.12015846366539,22.647143767561037,66.47301469610436,,
mvtec,zipper,1,seg,oracle,90.60254290977684,90.60254290977684,23.02384612366793,67.5786967861089,,
mvtec,cable,1,cls,semantic,83.11469265367316,,,,,
mvtec,cable,1,cls,memory,89.14917541229384,,,,,
mvtec,cable,1,cls,max,89.03673163418291,83.11469265367316,89.14917541229384,-0.11244377811092665,,
mvtec,cable,1,cls,harmonic,92.62556221889055,83.11469265367316,89.14917541229384,3.4763868065966985,,
mvtec,cable,1,cls,oracle,99.60644677661169,83.11469265367316,89.14917541229384,10.457271364317844,35.333333333333336,64.66666666666666
mvtec,carpet,1,cls,semantic,100.0,,,,,
mvtec,carpet,1,cls,memory,99.87961476725522,,,,,
mvtec,carpet,1,cls,max,100.0,100.0,99.87961476725522,0.0,,
mvtec,carpet,1,cls,harmonic,100.0,100.0,99.87961476725522,0.0,,
mvtec,carpet,1,cls,oracle,100.0,100.0,99.87961476725522,0.0,38.46153846153847,61.53846153846154
mvtec,toothbrush,1,cls,semantic,72.77777777777777,,,,,
mvtec,toothbrush,1,cls,memory,94.44444444444446,,,,,
mvtec,toothbrush,1,cls,max,93.6111111111111,72.77777777777777,94.44444444444446,-0.8333333333333526,,
mvtec,toothbrush,1,cls,harmonic,88.05555555555557,72.77777777777777,94.44444444444446,-6.388888888888888,,
mvtec,toothbrush,1,cls,oracle,99.16666666666666,72.77777777777777,94.44444444444446,4.7222222222222054,23.809523809523807,76.19047619047619
mvtec,metal_nut,1,seg,semantic,61.31707169273376,,,,,
mvtec,metal_nut,1,seg,memory,88.41203567315058,,,,,
mvtec,metal_nut,1,seg,max,88.78171071046867,49.52498801157845,88.78171071046867,39.25672269889022,,
mvtec,metal_nut,1,seg,harmonic,89.36561412371184,49.8507061049715,89.36561412371184,39.514908018740336,,
mvtec,metal_nut,1,seg,oracle,88.78171071046867,49.52498801157845,88.78171071046867,39.25672269889022,,
mvtec,zipper,1,cls,semantic,92.55514705882354,,,,,
mvtec,zipper,1,cls,memory,92.17436974789916,,,,,
mvtec,zipper,1,cls,max,93.36922268907564,92.55514705882354,92.17436974789916,0.814075630252098,,
mvtec,zipper,1,cls,harmonic,93.82878151260505,92.55514705882354,92.17436974789916,1.2736344537815025,,
mvtec,zipper,1,cls,oracle,98.80514705882352,92.55514705882354,92.17436974789916,6.249999999999989,14.56953642384106,85.43046357615894
mvtec,bottle,1,seg,semantic,90.3240712525834,,,,,
mvtec,bottle,1,seg,memory,98.68692998164991,,,,,
mvtec,bottle,1,seg,max,98.58613954390843,45.56794422573619,98.58613954390843,53.01819531817224,,
mvtec,bottle,1,seg,harmonic,95.03702489448092,43.92749193554558,95.03702489448092,51.10953295893534,,
mvtec,bottle,1,seg,oracle,98.58613954390843,45.56794422573619,98.58613954390843,53.01819531817224,,
mvtec,tile,1,cls,semantic,99.96392496392497,,,,,
mvtec,tile,1,cls,memory,98.52092352092352,,,,,
mvtec,tile,1,cls,max,99.96392496392497,99.96392496392497,98.52092352092352,0.0,,
mvtec,tile,1,cls,harmonic,98.95382395382396,99.96392496392497,98.52092352092352,-1.0101010101010166,,
mvtec,tile,1,cls,oracle,100.0,99.96392496392497,98.52092352092352,0.03607503607503393,71.7948717948718,28.205128205128204
mvtec,leather,1,seg,semantic,99.04604547927633,,,,,
mvtec,leather,1,seg,memory,99.44950715647688,,,,,
mvtec,leather,1,seg,max,99.44950715647688,19.624377624127348,99.44950715647688,79.82512953234954,,
mvtec,leather,1,seg,harmonic,99.20714483494054,19.57655225167773,99.20714483494054,79.63059258326281,,
mvtec,leather,1,seg,oracle,99.44950715647688,19.624377624127348,99.44950715647688,79.82512953234954,,
mvtec,cable,1,seg,semantic,93.71988734113553,,,,,
mvtec,cable,1,seg,memory,96.5976460531246,,,,,
mvtec,cable,1,seg,max,96.6032243772633,65.90785345485828,96.6032243772633,30.69537092240502,,
mvtec,cable,1,seg,harmonic,96.14893980471211,65.597916377421,96.14893980471211,30.551023427291113,,
mvtec,cable,1,seg,oracle,96.6032243772633,65.90785345485828,96.6032243772633,30.69537092240502,,
mvtec,screw,1,seg,semantic,84.04143950241043,,,,,
mvtec,screw,1,seg,memory,91.73767726359779,,,,,
mvtec,screw,1,seg,max,91.94840666527537,69.12948151564949,91.94840666527537,22.818925149625883,,
mvtec,screw,1,seg,harmonic,90.39997371136478,67.96532466782877,90.39997371136478,22.434649043536012,,
mvtec,screw,1,seg,oracle,91.94840666527537,69.12948151564949,91.94840666527537,22.818925149625883,,
mvtec,metal_nut,1,cls,semantic,87.90322580645162,,,,,
mvtec,metal_nut,1,cls,memory,98.7781036168133,,,,,
mvtec,metal_nut,1,cls,max,98.8514173998045,87.90322580645162,98.7781036168133,0.07331378299120228,,
mvtec,metal_nut,1,cls,harmonic,98.63147605083088,87.90322580645162,98.7781036168133,-0.14662756598240456,,
mvtec,metal_nut,1,cls,oracle,99.60899315738025,87.90322580645162,98.7781036168133,0.8308895405669592,18.26086956521739,81.73913043478261
mvtec,grid,1,cls,semantic,99.41520467836258,,,,,
mvtec,grid,1,cls,memory,95.48872180451127,,,,,
mvtec,grid,1,cls,max,99.41520467836258,99.41520467836258,95.48872180451127,0.0,,
mvtec,grid,1,cls,harmonic,96.65831244778613,99.41520467836258,95.48872180451127,-2.7568922305764465,,
mvtec,grid,1,cls,oracle,100.0,99.41520467836258,95.48872180451127,0.5847953216374213,73.07692307692307,26.923076923076923
mvtec,hazelnut,2,seg,semantic,97.67301859398874,,,,,
mvtec,hazelnut,2,seg,memory,98.89465558069229,,,,,
mvtec,hazelnut,2,seg,max,98.89465477855805,27.748883969865616,98.89465477855805,71.14577080869243,,
mvtec,hazelnut,2,seg,harmonic,98.12072925552107,27.531727950784926,98.12072925552107,70.58900130473614,,
mvtec,hazelnut,2,seg,oracle,98.89465477855805,27.748883969865616,98.89465477855805,71.14577080869243,,
mvtec,capsule,2,cls,semantic,73.69365775827683,,,,,
mvtec,capsule,2,cls,memory,84.84244116473873,,,,,
mvtec,capsule,2,cls,max,85.6003191065018,73.69365775827683,84.84244116473873,0.7578779417630632,,
mvtec,capsule,2,cls,harmonic,82.0702034303949,73.69365775827683,84.84244116473873,-2.772237734343841,,
mvtec,capsule,2,cls,oracle,93.67770243318706,73.69365775827683,84.84244116473873,8.835261268448335,21.96969696969697,78.03030303030303
mvtec,pill,2,seg,semantic,90.11101964039958,,,,,
mvtec,pill,2,seg,memory,94.9457257132537,,,,,
mvtec,pill,2,seg,max,96.00054005560644,96.00054005560644,95.52715270028162,0.47338735532481735,,
mvtec,pill,2,seg,harmonic,94.91327059988434,94.91327059988434,94.44524466869184,0.4680259311924999,,
mvtec,pill,2,seg,oracle,96.00054005560644,96.00054005560644,95.52715270028162,0.47338735532481735,,
mvtec,transistor,2,seg,semantic,72.85269119057415,,,,,
mvtec,transistor,2,seg,memory,87.95081928427169,,,,,
mvtec,transistor,2,seg,max,87.80393253902129,33.884092723058544,87.80393253902129,53.919839815962746,,
mvtec,transistor,2,seg,harmonic,76.83287334451371,29.65029161339127,76.83287334451371,47.18258173112244,,
mvtec,transistor,2,seg,oracle,87.80393253902129,33.884092723058544,87.80393253902129,53.919839815962746,,
mvtec,carpet,2,seg,semantic,99.16371696815453,,,,,
mvtec,carpet,2,seg,memory,99.33638563143788,,,,,
mvtec,carpet,2,seg,max,99.41977165095545,31.033122283971732,99.41977165095545,68.38664936698372,,
mvtec,carpet,2,seg,harmonic,99.36107652508261,31.01480104878443,99.36107652508261,68.34627547629817,,
mvtec,carpet,2,seg,oracle,99.41977165095545,31.033122283971732,99.41977165095545,68.38664936698372,,
mvtec,toothbrush,2,seg,semantic,94.73410882813369,,,,,
mvtec,toothbrush,2,seg,memory,98.33785568914881,,,,,
mvtec,toothbrush,2,seg,max,98.3805514192148,70.32312075656549,98.3805514192148,28.05743066264931,,
mvtec,toothbrush,2,seg,harmonic,98.35741869796425,70.30658532220917,98.35741869796425,28.050833375755076,,
mvtec,toothbrush,2,seg,oracle,98.3805514192148,70.32312075656549,98.3805514192148,28.05743066264931,,
mvtec,leather,2,cls,semantic,100.0,,,,,
mvtec,leather,2,cls,memory,99.86413043478261,,,,,
mvtec,leather,2,cls,max,100.0,100.0,99.86413043478261,0.0,,
mvtec,leather,2,cls,harmonic,99.86413043478261,100.0,99.86413043478261,-0.13586956521739468,,
mvtec,leather,2,cls,oracle,100.0,100.0,99.86413043478261,0.0,74.19354838709677,25.806451612903224
mvtec,grid,2,seg,semantic,98.10121221779853,,,,,
mvtec,grid,2,seg,memory,96.00905371214058,,,,,
mvtec,grid,2,seg,max,98.10121221779853,98.10121221779853,56.41158792835608,41.689624289442456,,
mvtec,grid,2,seg,harmonic,97.22810496143019,97.22810496143019,55.909521076682935,41.318583884747255,,
mvtec,grid,2,seg,oracle,98.10121221779853,98.10121221779853,56.41158792835608,41.689624289442456,,
mvtec,screw,2,cls,semantic,66.41729862676777,,,,,
mvtec,screw,2,cls,memory,55.91309694609551,,,,,
mvtec,screw,2,cls,max,66.41729862676777,66.41729862676777,55.91309694609551,0.0,,
mvtec,screw,2,cls,harmonic,58.03443328550932,66.41729862676777,55.91309694609551,-8.38286534125845,,
mvtec,screw,2,cls,oracle,100.0,66.41729862676777,55.91309694609551,33.582701373232226,74.375,25.624999999999996
mvtec,transistor,2,cls,semantic,89.60416666666667,,,,,
mvtec,transistor,2,cls,memory,86.91666666666666,,,,,
mvtec,transistor,2,cls,max,91.1875,89.60416666666667,86.91666666666666,1.5833333333333255,,
mvtec,transistor,2,cls,harmonic,91.89583333333333,89.60416666666667,86.91666666666666,2.2916666666666585,,
mvtec,transistor,2,cls,oracle,99.97916666666666,89.60416666666667,86.91666666666666,10.37499999999999,34.0,66.0
mvtec,tile,2,seg,semantic,93.2313549241711,,,,,
mvtec,tile,2,seg,memory,96.87125505030477,,,,,
mvtec,tile,2,seg,max,97.03595078562476,73.92617725604167,97.03595078562476,23.109773529583094,,
mvtec,tile,2,seg,harmonic,95.73099694800908,72.9320070755108,95.73099694800908,22.798989872498282,,
mvtec,tile,2,seg,oracle,97.03595078562476,73.92617725604167,97.03595078562476,23.109773529583094,,
mvtec,bottle,2,cls,semantic,95.51587301587301,,,,,
mvtec,bottle,2,cls,memory,99.52380952380952,,,,,
mvtec,bottle,2,cls,max,99.44444444444444,95.51587301587301,99.52380952380952,-0.07936507936506798,,
mvtec,bottle,2,cls,harmonic,99.36507936507937,95.51587301587301,99.52380952380952,-0.15873015873014706,,
mvtec,bottle,2,cls,oracle,100.0,95.51587301587301,99.52380952380952,0.4761904761904856,12.048192771084338,87.95180722891565
mvtec,wood,2,cls,semantic,98.81578947368422,,,,,
mvtec,wood,2,cls,memory,98.85964912280701,,,,,
mvtec,wood,2,cls,max,99.3859649122807,98.81578947368422,98.85964912280701,0.5263157894736858,,
mvtec,wood,2,cls,harmonic,99.21052631578947,98.81578947368422,98.85964912280701,0.35087719298245723,,
mvtec,wood,2,cls,oracle,99.64912280701755,98.81578947368422,98.85964912280701,0.7894736842105288,17.72151898734177,82.27848101265823
mvtec,capsule,2,seg,semantic,91.43290689308085,,,,,
mvtec,capsule,2,seg,memory,89.85237888001133,,,,,
mvtec,capsule,2,seg,max,95.43968417009968,80.96292916082072,95.43968417009968,14.47675500927896,,
mvtec,capsule,2,seg,harmonic,95.13958325701358,80.70834901233675,95.13958325701358,14.43123424467683,,
mvtec,capsule,2,seg,oracle,95.43968417009968,80.96292916082072,95.43968417009968,14.47675500927896,,
mvtec,pill,2,cls,semantic,85.50190943807965,,,,,
mvtec,pill,2,cls,memory,92.77141298417895,,,,,
mvtec,pill,2,cls,max,92.53955264593563,85.50190943807965,92.77141298417895,-0.2318603382433171,,
mvtec,pill,2,cls,harmonic,92.92144026186581,85.50190943807965,92.77141298417895,0.15002727768685942,,
mvtec,pill,2,cls,oracle,100.0,85.50190943807965,92.77141298417895,7.228587015821053,15.568862275449103,84.4311377245509
mvtec,wood,2,seg,semantic,96.10529731821808,,,,,
mvtec,wood,2,seg,memory,96.0691158157749,,,,,
mvtec,wood,2,seg,max,96.56460974404321,78.00024930921658,96.56460974404321,18.564360434826625,,
mvtec,wood,2,seg,harmonic,96.27920864595666,77.76971602313091,96.27920864595666,18.509492622825746,,
mvtec,wood,2,seg,oracle,96.56460974404321,78.00024930921658,96.56460974404321,18.564360434826625,,
mvtec,hazelnut,2,cls,semantic,80.10714285714286,,,,,
mvtec,hazelnut,2,cls,memory,99.85714285714286,,,,,
mvtec,hazelnut,2,cls,max,99.85714285714286,80.10714285714286,99.85714285714286,0.0,,
mvtec,hazelnut,2,cls,harmonic,96.58928571428571,80.10714285714286,99.85714285714286,-3.2678571428571446,,
mvtec,hazelnut,2,cls,oracle,100.0,80.10714285714286,99.85714285714286,0.14285714285714457,36.36363636363637,63.63636363636363
mvtec,zipper,2,seg,semantic,92.58231636895579,,,,,
mvtec,zipper,2,seg,memory,89.49435520735689,,,,,
mvtec,zipper,2,seg,max,92.58231636895579,92.58231636895579,31.098922650662526,61.48339371829326,,
mvtec,zipper,2,seg,harmonic,90.36071849262211,90.36071849262211,30.352675384158147,60.008043108463966,,
mvtec,zipper,2,seg,oracle,92.58231636895579,92.58231636895579,31.098922650662526,61.48339371829326,,
mvtec,cable,2,cls,semantic,83.60194902548726,,,,,
mvtec,cable,2,cls,memory,92.82233883058471,,,,,
mvtec,cable,2,cls,max,95.00562218890555,83.60194902548726,92.82233883058471,2.183283358320831,,
mvtec,cable,2,cls,harmonic,94.4527736131934,83.60194902548726,92.82233883058471,1.6304347826086807,,
mvtec,cable,2,cls,oracle,99.25974512743629,83.60194902548726,92.82233883058471,6.437406296851567,20.666666666666668,79.33333333333333
mvtec,carpet,2,cls,semantic,99.99999999999999,,,,,
mvtec,carpet,2,cls,memory,99.79935794542536,,,,,
mvtec,carpet,2,cls,max,100.0,99.99999999999999,99.79935794542536,1.1102230246251565e-14,,
mvtec,carpet,2,cls,harmonic,99.8796147672552,99.99999999999999,99.79935794542536,-0.12038523274477964,,
mvtec,carpet,2,cls,oracle,100.0,99.99999999999999,99.79935794542536,1.1102230246251565e-14,70.08547008547008,29.914529914529915
mvtec,toothbrush,2,cls,semantic,69.58333333333333,,,,,
mvtec,toothbrush,2,cls,memory,94.16666666666667,,,,,
mvtec,toothbrush,2,cls,max,94.02777777777779,69.58333333333333,94.16666666666667,-0.1388888888888884,,
mvtec,toothbrush,2,cls,harmonic,78.05555555555556,69.58333333333333,94.16666666666667,-16.11111111111112,,
mvtec,toothbrush,2,cls,oracle,100.0,69.58333333333333,94.16666666666667,5.833333333333323,28.57142857142857,71.42857142857143
mvtec,metal_nut,2,seg,semantic,80.07679253153918,,,,,
mvtec,metal_nut,2,seg,memory,91.0096439292779,,,,,
mvtec,metal_nut,2,seg,max,94.36515036499476,94.36515036499476,77.00320207131753,17.36194829367723,,
mvtec,metal_nut,2,seg,harmonic,93.16411793104339,93.16411793104339,76.02314383108745,17.14097409995594,,
mvtec,metal_nut,2,seg,oracle,94.36515036499476,94.36515036499476,77.00320207131753,17.36194829367723,,
mvtec,zipper,2,cls,semantic,94.22268907563026,,,,,
mvtec,zipper,2,cls,memory,73.05672268907564,,,,,
mvtec,zipper,2,cls,max,91.59663865546219,94.22268907563026,73.05672268907564,-2.626050420168069,,
mvtec,zipper,2,cls,harmonic,75.95850840336135,94.22268907563026,73.05672268907564,-18.264180672268903,,
mvtec,zipper,2,cls,oracle,98.98897058823529,94.22268907563026,73.05672268907564,4.766281512605042,80.13245033112582,19.867549668874172
mvtec,bottle,2,seg,semantic,90.49706605056383,,,,,
mvtec,bottle,2,seg,memory,98.71839815537649,,,,,
mvtec,bottle,2,seg,max,98.61323145495248,50.22964234670831,98.61323145495248,48.38358910824417,,
mvtec,bottle,2,seg,harmonic,95.43700655857165,48.61180021534281,95.43700655857165,46.82520634322884,,
mvtec,bottle,2,seg,oracle,98.61323145495248,50.22964234670831,98.61323145495248,48.38358910824417,,
mvtec,tile,2,cls,semantic,99.96392496392497,,,,,
mvtec,tile,2,cls,memory,98.59307359307358,,,,,
mvtec,tile,2,cls,max,99.96392496392497,99.96392496392497,98.59307359307358,0.0,,
mvtec,tile,2,cls,harmonic,98.98989898989899,99.96392496392497,98.59307359307358,-0.9740259740259827,,
mvtec,tile,2,cls,oracle,100.0,99.96392496392497,98.59307359307358,0.03607503607503393,71.7948717948718,28.205128205128204
mvtec,leather,2,seg,semantic,99.15760193713896,,,,,
mvtec,leather,2,seg,memory,99.37995636106443,,,,,
mvtec,leather,2,seg,max,99.39165609616235,43.67187897701992,99.39165609616235,55.71977711914243,,
mvtec,leather,2,seg,harmonic,99.34372546610624,43.65081865105979,99.34372546610624,55.69290681504645,,
mvtec,leather,2,seg,oracle,99.39165609616235,43.67187897701992,99.39165609616235,55.71977711914243,,
mvtec,cable,2,seg,semantic,92.82379590946576,,,,,
mvtec,cable,2,seg,memory,95.92451138178242,,,,,
mvtec,cable,2,seg,max,96.00464198990927,70.28381667548348,96.00464198990927,25.720825314425795,,
mvtec,cable,2,seg,harmonic,95.30078986381064,69.76853519771322,95.30078986381064,25.532254666097415,,
mvtec,cable,2,seg,oracle,96.00464198990927,70.28381667548348,96.00464198990927,25.720825314425795,,
mvtec,screw,2,seg,semantic,74.6630596043857,,,,,
mvtec,screw,2,seg,memory,91.64496583026614,,,,,
mvtec,screw,2,seg,max,92.09613591783624,92.09613591783624,88.02164916505846,4.074486752777773,,
mvtec,screw,2,seg,harmonic,90.64423360356784,90.64423360356784,86.63398143226145,4.010252171306391,,
mvtec,screw,2,seg,oracle,92.09613591783624,92.09613591783624,88.02164916505846,4.074486752777773,,
mvtec,metal_nut,2,cls,semantic,85.55718475073313,,,,,
mvtec,metal_nut,2,cls,memory,99.41348973607037,,,,,
mvtec,metal_nut,2,cls,max,99.38905180840665,85.55718475073313,99.41348973607037,-0.024437927663734094,,
mvtec,metal_nut,2,cls,harmonic,99.48680351906158,85.55718475073313,99.41348973607037,0.07331378299120228,,
mvtec,metal_nut,2,cls,oracle,99.99999999999999,85.55718475073313,99.41348973607037,0.5865102639296071,19.130434782608695,80.8695652173913
mvtec,grid,2,cls,semantic,98.87218045112782,,,,,
mvtec,grid,2,cls,memory,97.24310776942356,,,,,
mvtec,grid,2,cls,max,98.87218045112782,98.87218045112782,97.24310776942356,0.0,,
mvtec,grid,2,cls,harmonic,97.45196324143693,98.87218045112782,97.24310776942356,-1.4202172096908994,,
mvtec,grid,2,cls,oracle,100.0,98.87218045112782,97.24310776942356,1.1278195488721776,73.07692307692307,26.923076923076923
mvtec,hazelnut,4,seg,semantic,96.83341386401894,,,,,
mvtec,hazelnut,4,seg,memory,98.74858055342986,,,,,
mvtec,hazelnut,4,seg,max,98.75566561726087,88.02492326548888,98.75566561726087,10.730742351771994,,
mvtec,hazelnut,4,seg,harmonic,98.44657418120757,87.74941755378562,98.44657418120757,10.697156627421947,,
mvtec,hazelnut,4,seg,oracle,98.75566561726087,88.02492326548888,98.75566561726087,10.730742351771994,,
mvtec,capsule,4,cls,semantic,90.30714000797767,,,,,
mvtec,capsule,4,cls,memory,84.24411647387315,,,,,
mvtec,capsule,4,cls,max,90.28719585161548,90.30714000797767,84.24411647387315,-0.01994415636219493,,
mvtec,capsule,4,cls,harmonic,87.19585161547667,90.30714000797767,84.24411647387315,-3.1112883925009993,,
mvtec,capsule,4,cls,oracle,98.24491424012764,90.30714000797767,84.24411647387315,7.937774232149975,39.39393939393939,60.60606060606061
mvtec,pill,4,seg,semantic,90.2656812790439,,,,,
mvtec,pill,4,seg,memory,94.82649240620992,,,,,
mvtec,pill,4,seg,max,95.96914980192126,95.96914980192126,92.38113260447092,3.588017197450341,,
mvtec,pill,4,seg,harmonic,94.82597263218348,94.82597263218348,91.28069562106612,3.5452770111173635,,
mvtec,pill,4,seg,oracle,95.96914980192126,95.96914980192126,92.38113260447092,3.588017197450341,,
mvtec,transistor,4,seg,semantic,73.60249155162536,,,,,
mvtec,transistor,4,seg,memory,92.80605789076503,,,,,
mvtec,transistor,4,seg,max,91.98687823147993,47.682502154576476,91.98687823147993,44.30437607690346,,
mvtec,transistor,4,seg,harmonic,79.84037464077437,41.38621626283304,79.84037464077437,38.45415837794133,,
mvtec,transistor,4,seg,oracle,91.98687823147993,47.682502154576476,91.98687823147993,44.30437607690346,,
mvtec,carpet,4,seg,semantic,99.12237201725195,,,,,
mvtec,carpet,4,seg,memory,99.36912141701508,,,,,
mvtec,carpet,4,seg,max,99.4053101646449,19.269888086456127,99.4053101646449,80.13542207818878,,
mvtec,carpet,4,seg,harmonic,99.30542153702486,19.250524506460653,99.30542153702486,80.0548970305642,,
mvtec,carpet,4,seg,oracle,99.4053101646449,19.269888086456127,99.4053101646449,80.13542207818878,,
mvtec,toothbrush,4,seg,semantic,96.01983573172602,,,,,
mvtec,toothbrush,4,seg,memory,99.0537301826318,,,,,
mvtec,toothbrush,4,seg,max,99.08344649739867,75.07742227592081,99.08344649739867,24.00602422147786,,
mvtec,toothbrush,4,seg,harmonic,98.70387011423354,74.78980999140461,98.70387011423354,23.91406012282893,,
mvtec,toothbrush,4,seg,oracle,99.08344649739867,75.07742227592081,99.08344649739867,24.00602422147786,,
mvtec,leather,4,cls,semantic,100.0,,,,,
mvtec,leather,4,cls,memory,99.08288043478261,,,,,
mvtec,leather,4,cls,max,100.0,100.0,99.08288043478261,0.0,,
mvtec,leather,4,cls,harmonic,99.18478260869566,100.0,99.08288043478261,-0.8152173913043459,,
mvtec,leather,4,cls,oracle,100.0,100.0,99.08288043478261,0.0,74.19354838709677,25.806451612903224
mvtec,grid,4,seg,semantic,98.18775299962769,,,,,
mvtec,grid,4,seg,memory,97.0960202315423,,,,,
mvtec,grid,4,seg,max,98.18775299962769,98.18775299962769,45.71644315855205,52.47130984107564,,
mvtec,grid,4,seg,harmonic,97.83749333809814,97.83749333809814,45.553361456222945,52.2841318818752,,
mvtec,grid,4,seg,oracle,98.18775299962769,98.18775299962769,45.71644315855205,52.47130984107564,,
mvtec,screw,4,cls,semantic,58.00368928059029,,,,,
mvtec,screw,4,cls,memory,66.18159458905514,,,,,
mvtec,screw,4,cls,max,66.8784587005534,58.00368928059029,66.18159458905514,0.6968641114982521,,
mvtec,screw,4,cls,harmonic,64.94158639065382,58.00368928059029,66.18159458905514,-1.24000819840131,,
mvtec,screw,4,cls,oracle,100.0,58.00368928059029,66.18159458905514,33.81840541094486,25.624999999999996,74.375
mvtec,transistor,4,cls,semantic,91.20833333333334,,,,,
mvtec,transistor,4,cls,memory,87.54166666666666,,,,,
mvtec,transistor,4,cls,max,91.625,91.20833333333334,87.54166666666666,0.4166666666666652,,
mvtec,transistor,4,cls,harmonic,90.5,91.20833333333334,87.54166666666666,-0.708333333333333,,
mvtec,transistor,4,cls,oracle,100.0,91.20833333333334,87.54166666666666,8.791666666666664,40.0,60.0
mvtec,tile,4,seg,semantic,95.3540455671291,,,,,
mvtec,tile,4,seg,memory,96.82704637529878,,,,,
mvtec,tile,4,seg,max,96.8700109677872,52.49936590345279,96.8700109677872,44.370645064334404,,
mvtec,tile,4,seg,harmonic,96.24598607315072,52.16117133787895,96.24598607315072,44.08481473527177,,
mvtec,tile,4,seg,oracle,96.8700109677872,52.49936590345279,96.8700109677872,44.370645064334404,,
mvtec,bottle,4,cls,semantic,97.5,,,,,
mvtec,bottle,4,cls,memory,99.68253968253968,,,,,
mvtec,bottle,4,cls,max,99.64285714285714,97.5,99.68253968253968,-0.03968253968253954,,
mvtec,bottle,4,cls,harmonic,99.84126984126985,97.5,99.68253968253968,0.15873015873015817,,
mvtec,bottle,4,cls,oracle,100.0,97.5,99.68253968253968,0.31746031746031633,18.072289156626507,81.92771084337349
mvtec,wood,4,cls,semantic,97.80701754385966,,,,,
mvtec,wood,4,cls,memory,98.42105263157895,,,,,
mvtec,wood,4,cls,max,99.29824561403508,97.80701754385966,98.42105263157895,0.8771929824561431,,
mvtec,wood,4,cls,harmonic,98.7280701754386,97.80701754385966,98.42105263157895,0.30701754385965563,,
mvtec,wood,4,cls,oracle,99.56140350877193,97.80701754385966,98.42105263157895,1.140350877192986,26.582278481012654,73.41772151898735
mvtec,capsule,4,seg,semantic,93.9235945373293,,,,,
mvtec,capsule,4,seg,memory,89.02531091001346,,,,,
mvtec,capsule,4,seg,max,96.36801692621695,96.36801692621695,93.9005283263337,2.4674885998832536,,
mvtec,capsule,4,seg,harmonic,95.46703214441756,95.46703214441756,93.02261312455337,2.444419019864185,,
mvtec,capsule,4,seg,oracle,96.36801692621695,96.36801692621695,93.9005283263337,2.4674885998832536,,
mvtec,pill,4,cls,semantic,85.66557555919258,,,,,
mvtec,pill,4,cls,memory,94.81723949809057,,,,,
mvtec,pill,4,cls,max,94.66721222040371,85.66557555919258,94.81723949809057,-0.15002727768685942,,
mvtec,pill,4,cls,harmonic,95.17184942716858,85.66557555919258,94.81723949809057,0.35460992907802025,,
mvtec,pill,4,cls,oracle,100.0,85.66557555919258,94.81723949809057,5.182760501909433,15.568862275449103,84.4311377245509
mvtec,wood,4,seg,semantic,96.47823185658564,,,,,
mvtec,wood,4,seg,memory,95.91500552429483,,,,,
mvtec,wood,4,seg,max,96.47848709171882,96.47848709171882,50.27742752975302,46.2010595619658,,
mvtec,wood,4,seg,harmonic,96.20076076599004,96.20076076599004,50.13269717964234,46.0680635863477,,
mvtec,wood,4,seg,oracle,96.47848709171882,96.47848709171882,50.27742752975302,46.2010595619658,,
mvtec,hazelnut,4,cls,semantic,80.14285714285715,,,,,
mvtec,hazelnut,4,cls,memory,100.0,,,,,
mvtec,hazelnut,4,cls,max,100.0,80.14285714285715,100.0,0.0,,
mvtec,hazelnut,4,cls,harmonic,99.23214285714286,80.14285714285715,100.0,-0.7678571428571423,,
mvtec,hazelnut,4,cls,oracle,100.0,80.14285714285715,100.0,0.0,21.818181818181817,78.18181818181819
mvtec,zipper,4,seg,semantic,89.71411091213193,,,,,
mvtec,zipper,4,seg,memory,90.5410143124724,,,,,
mvtec,zipper,4,seg,max,92.82149906901161,92.82149906901161,70.33739186610269,22.484107202908916,,
mvtec,zipper,4,seg,harmonic,95.5719052258558,95.5719052258558,72.42156845865114,23.150336767204664,,
mvtec,zipper,4,seg,oracle,92.82149906901161,92.82149906901161,70.33739186610269,22.484107202908916,,
mvtec,cable,4,cls,semantic,87.56559220389803,,,,,
mvtec,cable,4,cls,memory,95.4272863568216,,,,,
mvtec,cable,4,cls,max,95.3710644677661,87.56559220389803,95.4272863568216,-0.05622188905548553,,
mvtec,cable,4,cls,harmonic,97.43253373313343,87.56559220389803,95.4272863568216,2.005247376311825,,
mvtec,cable,4,cls,oracle,100.0,87.56559220389803,95.4272863568216,4.572713643178405,38.666666666666664,61.33333333333333
mvtec,carpet,4,cls,semantic,100.0,,,,,
mvtec,carpet,4,cls,memory,99.87961476725522,,,,,
mvtec,carpet,4,cls,max,100.0,100.0,99.87961476725522,0.0,,
mvtec,carpet,4,cls,harmonic,100.0,100.0,99.87961476725522,0.0,,
mvtec,carpet,4,cls,oracle,100.0,100.0,99.87961476725522,0.0,58.119658119658126,41.88034188034188
mvtec,toothbrush,4,cls,semantic,84.44444444444444,,,,,
mvtec,toothbrush,4,cls,memory,97.22222222222223,,,,,
mvtec,toothbrush,4,cls,max,97.22222222222223,84.44444444444444,97.22222222222223,0.0,,
mvtec,toothbrush,4,cls,harmonic,94.72222222222221,84.44444444444444,97.22222222222223,-2.5000000000000133,,
mvtec,toothbrush,4,cls,oracle,100.0,84.44444444444444,97.22222222222223,2.777777777777768,28.57142857142857,71.42857142857143
mvtec,metal_nut,4,seg,semantic,84.007696336274,,,,,
mvtec,metal_nut,4,seg,memory,92.9865810335281,,,,,
mvtec,metal_nut,4,seg,max,95.4896084830118,95.4896084830118,89.20608384585444,6.28352463715737,,
mvtec,metal_nut,4,seg,harmonic,94.80040942979659,94.80040942979659,88.56223631621944,6.238173113577147,,
mvtec,metal_nut,4,seg,oracle,95.4896084830118,95.4896084830118,89.20608384585444,6.28352463715737,,
mvtec,zipper,4,cls,semantic,94.47216386554622,,,,,
mvtec,zipper,4,cls,memory,91.91176470588236,,,,,
mvtec,zipper,4,cls,max,94.47216386554622,94.47216386554622,91.91176470588236,0.0,,
mvtec,zipper,4,cls,harmonic,92.79149159663866,94.47216386554622,91.91176470588236,-1.680672268907557,,
mvtec,zipper,4,cls,oracle,100.0,94.47216386554622,91.91176470588236,5.5278361344537785,78.80794701986756,21.192052980132452
mvtec,bottle,4,seg,semantic,90.33996393728685,,,,,
mvtec,bottle,4,seg,memory,98.83628268580865,,,,,
mvtec,bottle,4,seg,max,98.7595403157847,47.36632901044928,98.7595403157847,51.39321130533543,,
mvtec,bottle,4,seg,harmonic,95.2969059341314,45.70560561258966,95.2969059341314,49.591300321541745,,
mvtec,bottle,4,seg,oracle,98.7595403157847,47.36632901044928,98.7595403157847,51.39321130533543,,
mvtec,tile,4,cls,semantic,100.0,,,,,
mvtec,tile,4,cls,memory,100.0,,,,,
mvtec,tile,4,cls,max,100.0,100.0,100.0,0.0,,
mvtec,tile,4,cls,harmonic,100.0,100.0,100.0,0.0,,
mvtec,tile,4,cls,oracle,100.0,100.0,100.0,0.0,71.7948717948718,28.205128205128204
mvtec,leather,4,seg,semantic,99.09625279477402,,,,,
mvtec,leather,4,seg,memory,99.42638041324835,,,,,
mvtec,leather,4,seg,max,99.42591564274711,15.136688790157466,99.42591564274711,84.28922685258965,,
mvtec,leather,4,seg,harmonic,99.26945766657035,15.11286949034196,99.26945766657035,84.15658817622838,,
mvtec,leather,4,seg,oracle,99.42591564274711,15.136688790157466,99.42591564274711,84.28922685258965,,
mvtec,cable,4,seg,semantic,92.19115889567271,,,,,
mvtec,cable,4,seg,memory,97.01243051685857,,,,,
mvtec,cable,4,seg,max,97.0152546342577,50.08782157467853,97.0152546342577,46.92743305957917,,
mvtec,cable,4,seg,harmonic,94.93827063766331,49.01549945145083,94.93827063766331,45.92277118621248,,
mvtec,cable,4,seg,oracle,97.0152546342577,50.08782157467853,97.0152546342577,46.92743305957917,,
mvtec,screw,4,seg,semantic,89.92518126227725,,,,,
mvtec,screw,4,seg,memory,93.94379684983168,,,,,
mvtec,screw,4,seg,max,94.4413649949851,87.75294235591919,94.4413649949851,6.688422639065905,,
mvtec,screw,4,seg,harmonic,94.04807081214634,87.38750162179385,94.04807081214634,6.66056919035249,,
mvtec,screw,4,seg,oracle,94.4413649949851,87.75294235591919,94.4413649949851,6.688422639065905,,
mvtec,metal_nut,4,cls,semantic,87.2434017595308,,,,,
mvtec,metal_nut,4,cls,memory,100.0,,,,,
mvtec,metal_nut,4,cls,max,100.0,87.2434017595308,100.0,0.0,,
mvtec,metal_nut,4,cls,harmonic,100.0,87.2434017595308,100.0,0.0,,
mvtec,metal_nut,4,cls,oracle,100.0,87.2434017595308,100.0,0.0,19.130434782608695,80.8695652173913
mvtec,grid,4,cls,semantic,99.83291562238931,,,,,
mvtec,grid,4,cls,memory,95.32163742690058,,,,,
mvtec,grid,4,cls,max,99.83291562238931,99.83291562238931,95.32163742690058,0.0,,
mvtec,grid,4,cls,harmonic,96.32414369256475,99.83291562238931,95.32163742690058,-3.508771929824561,,
mvtec,grid,4,cls,oracle,100.0,99.83291562238931,95.32163742690058,0.1670843776106934,73.07692307692307,26.923076923076923
