prompt_index,prompt_id,class,display_name,type,template,full_text,R_j_0,R_j_eps,median_margin,q10_margin,mean_margin,std_margin,num_samples,risk_level,dataset,semantic_auroc,memory_auroc,image_auroc
0,1,bottle,bottle,generic,damaged {},damaged bottle,1.0,1.0,-3.078125,-3.6,-2.9946732954545454,0.4534150372434894,22,high,mvtec,95.71,99.52,99.6
1,2,bottle,bottle,generic,flawed {},flawed bottle,1.0,1.0,-1.38671875,-1.90546875,-1.2975852272727273,0.540496020329469,22,high,mvtec,95.71,99.52,99.6
3,4,bottle,bottle,generic,imperfect {},imperfect bottle,1.0,1.0,-3.67578125,-4.26171875,-3.5174005681818183,0.6719242673953173,22,high,mvtec,95.71,99.52,99.6
4,5,bottle,bottle,generic,blemished {},blemished bottle,1.0,1.0,-2.00390625,-2.43203125,-1.915838068181818,0.5205724881636714,22,high,mvtec,95.71,99.52,99.6
7,8,bottle,bottle,generic,{} with damage,bottle with damage,1.0,1.0,-0.93359375,-1.34140625,-0.9044744318181818,0.4020207898018655,22,high,mvtec,95.71,99.52,99.6
8,9,bottle,bottle,specific,{} with large breakage,bottle with large breakage,1.0,1.0,-1.9921875,-2.53984375,-1.845525568181818,0.5876062025197947,22,high,mvtec,95.71,99.52,99.6
9,10,bottle,bottle,specific,{} with small breakage,bottle with small breakage,1.0,1.0,-2.46484375,-3.08984375,-2.356178977272727,0.5337854098242885,22,high,mvtec,95.71,99.52,99.6
10,11,bottle,bottle,specific,{} with contamination,bottle with contamination,1.0,1.0,-2.53125,-3.03671875,-2.3924005681818183,0.5761826815154811,22,high,mvtec,95.71,99.52,99.6
6,7,bottle,bottle,generic,{} with defect,bottle with defect,0.5909090909090909,0.6363636363636364,-0.28515625,-0.97578125,-0.2286931818181818,0.5292103529070146,22,low,mvtec,95.71,99.52,99.6
2,3,bottle,bottle,generic,abnormal {},abnormal bottle,0.0,0.0,1.68359375,1.26796875,1.7894176136363635,0.4835809409143541,22,low,mvtec,95.71,99.52,99.6
5,6,bottle,bottle,generic,{} with flaw,bottle with flaw,0.0,0.0,0.9140625,0.4921875,0.9982244318181818,0.3931447976384637,22,low,mvtec,95.71,99.52,99.6
3,15,cable,cable,generic,imperfect {},imperfect cable,1.0,1.0,-2.171875,-3.06875,-2.265755208333333,0.7029578673855408,60,high,mvtec,83.42,92.82,94.45
0,12,cable,cable,generic,damaged {},damaged cable,0.3,0.35,0.3359375,-0.46953125,0.4938802083333333,0.8478393519438951,60,high,mvtec,83.42,92.82,94.45
1,13,cable,cable,generic,flawed {},flawed cable,0.25,0.2833333333333333,0.58203125,-0.64609375,0.4470052083333333,0.7575911023059771,60,high,mvtec,83.42,92.82,94.45
2,14,cable,cable,generic,abnormal {},abnormal cable,0.15,0.15,0.8515625,-0.0265624999999999,0.7805989583333334,0.5780991190481329,60,medium,mvtec,83.42,92.82,94.45
9,21,cable,cable,specific,{} with missing part,cable with missing part,0.0666666666666666,0.0666666666666666,1.046875,0.2234375,1.047265625,0.6240527082173938,60,medium,mvtec,83.42,92.82,94.45
4,16,cable,cable,generic,blemished {},blemished cable,0.0166666666666666,0.0333333333333333,1.41015625,0.66953125,1.4239583333333334,0.6370483660286103,60,medium,mvtec,83.42,92.82,94.45
11,23,cable,cable,specific,{} with cut,cable with cut,0.0333333333333333,0.0333333333333333,1.19921875,0.32578125,1.140625,0.5997639509632102,60,medium,mvtec,83.42,92.82,94.45
12,24,cable,cable,specific,{} with poke,cable with poke,0.0166666666666666,0.0166666666666666,1.22265625,0.54375,1.2421875,0.5920497173705446,60,low,mvtec,83.42,92.82,94.45
5,17,cable,cable,generic,{} with flaw,cable with flaw,0.0,0.0,1.984375,1.465234375,2.0112630208333333,0.5641942671950828,60,low,mvtec,83.42,92.82,94.45
6,18,cable,cable,generic,{} with defect,cable with defect,0.0,0.0,1.765625,1.13203125,1.7414713541666669,0.5383116240006656,60,low,mvtec,83.42,92.82,94.45
7,19,cable,cable,generic,{} with damage,cable with damage,0.0,0.0,1.90234375,0.96484375,1.8645182291666669,0.6615917930230332,60,low,mvtec,83.42,92.82,94.45
8,20,cable,cable,specific,{} with bent wire,cable with bent wire,0.0,0.0,1.703125,0.96015625,1.7112630208333333,0.6208268440470678,60,low,mvtec,83.42,92.82,94.45
10,22,cable,cable,specific,{} with missing wire,cable with missing wire,0.0,0.0,2.57421875,1.60078125,2.5177734375,0.6276714655037177,60,low,mvtec,83.42,92.82,94.45
9,49,capsule,capsule,specific,{} with faulty imprint,capsule with faulty imprint,0.76,0.76,-1.515625,-2.446875,-1.176875,1.0498578772862543,25,high,mvtec,85.16,84.72,85.16
5,45,capsule,capsule,generic,{} with flaw,capsule with flaw,0.64,0.68,-0.515625,-1.371875,-0.3225,1.0041309208713771,25,high,mvtec,85.16,84.72,85.16
12,52,capsule,capsule,specific,{} squeezed with compression,capsule squeezed with compression,0.6,0.6,-0.5625,-1.359375,0.01875,1.4332546005507885,25,high,mvtec,85.16,84.72,85.16
6,46,capsule,capsule,generic,{} with defect,capsule with defect,0.44,0.52,0.046875,-0.909375,0.2075,0.8525870556723225,25,medium,mvtec,85.16,84.72,85.16
0,40,capsule,capsule,generic,damaged {},damaged capsule,0.08,0.08,1.0,0.115625,1.576875,1.4357048573784237,25,medium,mvtec,85.16,84.72,85.16
7,47,capsule,capsule,generic,{} with damage,capsule with damage,0.04,0.04,1.125,0.209375,1.45875,1.1556069157589877,25,medium,mvtec,85.16,84.72,85.16
8,48,capsule,capsule,specific,{} with crack,capsule with crack,0.04,0.04,1.0,0.3625,1.4725,1.190795427434956,25,medium,mvtec,85.16,84.72,85.16
11,51,capsule,capsule,specific,{} with scratch,capsule with scratch,0.04,0.04,1.0625,0.28125,1.34375,1.0488740242517212,25,medium,mvtec,85.16,84.72,85.16
1,41,capsule,capsule,generic,flawed {},flawed capsule,0.0,0.0,2.671875,1.78125,2.946875,1.116469393333288,25,low,mvtec,85.16,84.72,85.16
2,42,capsule,capsule,generic,abnormal {},abnormal capsule,0.0,0.0,2.734375,2.0375,3.24,1.1445598225955689,25,low,mvtec,85.16,84.72,85.16
3,43,capsule,capsule,generic,imperfect {},imperfect capsule,0.0,0.0,4.28125,3.34375,4.8765625,1.426455534051097,25,low,mvtec,85.16,84.72,85.16
4,44,capsule,capsule,generic,blemished {},blemished capsule,0.0,0.0,2.28125,1.565625,2.954375,1.4876570295266311,25,low,mvtec,85.16,84.72,85.16
10,50,capsule,capsule,specific,{} with poke,capsule with poke,0.0,0.0,1.921875,1.165625,2.69625,1.5722264766088887,25,low,mvtec,85.16,84.72,85.16
5,71,carpet,carpet,generic,{} with flaw,carpet with flaw,1.0,1.0,-2.2109375,-2.64375,-2.231770833333333,0.3153795284443896,30,high,mvtec,99.96,99.8,100.0
6,72,carpet,carpet,generic,{} with defect,carpet with defect,1.0,1.0,-1.0859375,-1.40625,-1.01875,0.3162380597218915,30,high,mvtec,99.96,99.8,100.0
8,74,carpet,carpet,specific,{} with hole,carpet with hole,1.0,1.0,-4.140625,-4.5765625,-4.191666666666666,0.3248831253526241,30,high,mvtec,99.96,99.8,100.0
9,75,carpet,carpet,specific,{} with color stain,carpet with color stain,1.0,1.0,-2.671875,-3.1875,-2.6359375,0.4142668520888237,30,high,mvtec,99.96,99.8,100.0
11,77,carpet,carpet,specific,{} with thread residue,carpet with thread residue,1.0,1.0,-3.7421875,-4.0546875,-3.7552083333333335,0.2890226136144982,30,high,mvtec,99.96,99.8,100.0
12,78,carpet,carpet,specific,{} with thread,carpet with thread,1.0,1.0,-4.703125,-5.0453125,-4.6703125,0.3081031833892395,30,high,mvtec,99.96,99.8,100.0
13,79,carpet,carpet,specific,{} with cut,carpet with cut,1.0,1.0,-3.921875,-4.2,-3.870833333333333,0.3385961494620922,30,high,mvtec,99.96,99.8,100.0
10,76,carpet,carpet,specific,{} with metal contamination,carpet with metal contamination,0.3,0.4,0.1796875,-0.2515625,0.1729166666666666,0.3159170815745099,30,low,mvtec,99.96,99.8,100.0
3,69,carpet,carpet,generic,imperfect {},imperfect carpet,0.1333333333333333,0.1333333333333333,0.453125,-0.159375,0.5,0.4675679540630075,30,low,mvtec,99.96,99.8,100.0
0,66,carpet,carpet,generic,damaged {},damaged carpet,0.0333333333333333,0.1,0.796875,0.1453125,0.7536458333333333,0.4077832311761633,30,low,mvtec,99.96,99.8,100.0
1,67,carpet,carpet,generic,flawed {},flawed carpet,0.0,0.0,2.2890625,1.784375,2.2544270833333333,0.3367642644541847,30,low,mvtec,99.96,99.8,100.0
2,68,carpet,carpet,generic,abnormal {},abnormal carpet,0.0,0.0,0.84375,0.26875,0.8057291666666667,0.3435293641672264,30,low,mvtec,99.96,99.8,100.0
4,70,carpet,carpet,generic,blemished {},blemished carpet,0.0,0.0,0.9609375,0.45,0.9489583333333332,0.3699955423905656,30,low,mvtec,99.96,99.8,100.0
7,73,carpet,carpet,generic,{} with damage,carpet with damage,0.0,0.0,1.0234375,0.4125,0.9919270833333332,0.3941945414132909,30,low,mvtec,99.96,99.8,100.0
0,120,grid,grid,generic,damaged {},damaged grid,1.0,1.0,-4.9140625,-5.9984375,-4.852581521739131,0.9807811172793932,23,high,mvtec,98.25,97.24,97.91
1,121,grid,grid,generic,flawed {},flawed grid,1.0,1.0,-2.7734375,-3.653125,-2.889266304347826,0.6945226040182713,23,high,mvtec,98.25,97.24,97.91
3,123,grid,grid,generic,imperfect {},imperfect grid,1.0,1.0,-5.78125,-6.9765625,-5.826766304347826,0.9067817621326214,23,high,mvtec,98.25,97.24,97.91
4,124,grid,grid,generic,blemished {},blemished grid,1.0,1.0,-4.109375,-4.7984375,-3.8963994565217392,0.8952172836611999,23,high,mvtec,98.25,97.24,97.91
5,125,grid,grid,generic,{} with flaw,grid with flaw,1.0,1.0,-4.8046875,-5.6609375,-4.930027173913044,0.5968413796091491,23,high,mvtec,98.25,97.24,97.91
6,126,grid,grid,generic,{} with defect,grid with defect,1.0,1.0,-5.609375,-6.5859375,-5.5040760869565215,0.8892081764308216,23,high,mvtec,98.25,97.24,97.91
7,127,grid,grid,generic,{} with damage,grid with damage,1.0,1.0,-4.9453125,-5.8515625,-4.808423913043479,0.6847534594706117,23,high,mvtec,98.25,97.24,97.91
8,128,grid,grid,specific,{} with breakage,grid with breakage,1.0,1.0,-3.6875,-4.5296875,-3.653872282608696,0.6593661248831569,23,high,mvtec,98.25,97.24,97.91
9,129,grid,grid,specific,{} with thread residue,grid with thread residue,1.0,1.0,-6.453125,-7.5203125,-6.432404891304348,0.8977463926708482,23,high,mvtec,98.25,97.24,97.91
10,130,grid,grid,specific,{} with thread,grid with thread,1.0,1.0,-6.0390625,-6.85,-6.185801630434782,0.6632486081810764,23,high,mvtec,98.25,97.24,97.91
11,131,grid,grid,specific,{} with metal contamination,grid with metal contamination,1.0,1.0,-5.6953125,-7.4296875,-5.979959239130435,0.9535337073837948,23,high,mvtec,98.25,97.24,97.91
12,132,grid,grid,specific,{} with glue,grid with glue,1.0,1.0,-5.6484375,-6.7328125,-5.516644021739131,0.8988680571224431,23,high,mvtec,98.25,97.24,97.91
13,133,grid,grid,specific,{} with a bent shape,grid with a bent shape,1.0,1.0,-10.3046875,-11.2265625,-10.411345108695652,0.7298899259229757,23,high,mvtec,98.25,97.24,97.91
2,122,grid,grid,generic,abnormal {},abnormal grid,0.6956521739130435,0.6956521739130435,-0.828125,-1.396875,-0.618546195652174,0.881781309581408,23,low,mvtec,98.25,97.24,97.91
0,134,hazelnut,hazelnut,generic,damaged {},damaged hazelnut,1.0,1.0,-5.296875,-6.8515625,-5.543898809523809,1.3088810123366554,42,high,mvtec,91.21,99.86,99.93
1,135,hazelnut,hazelnut,generic,flawed {},flawed hazelnut,1.0,1.0,-2.9296875,-4.1078125,-3.06640625,0.8575285392014745,42,high,mvtec,91.21,99.86,99.93
3,137,hazelnut,hazelnut,generic,imperfect {},imperfect hazelnut,1.0,1.0,-5.0390625,-5.9375,-4.9140625,1.1274774308795974,42,high,mvtec,91.21,99.86,99.93
4,138,hazelnut,hazelnut,generic,blemished {},blemished hazelnut,1.0,1.0,-3.1953125,-4.2109375,-3.056361607142857,1.0054370186639972,42,high,mvtec,91.21,99.86,99.93
5,139,hazelnut,hazelnut,generic,{} with flaw,hazelnut with flaw,1.0,1.0,-3.5390625,-5.1,-3.5855654761904763,1.230951344304361,42,high,mvtec,91.21,99.86,99.93
6,140,hazelnut,hazelnut,generic,{} with defect,hazelnut with defect,1.0,1.0,-2.796875,-4.2875,-2.9187127976190474,1.0741346145674502,42,high,mvtec,91.21,99.86,99.93
7,141,hazelnut,hazelnut,generic,{} with damage,hazelnut with damage,1.0,1.0,-3.9296875,-4.8890625,-3.801711309523809,0.9820795828734028,42,high,mvtec,91.21,99.86,99.93
8,142,hazelnut,hazelnut,specific,{} with crack,hazelnut with crack,1.0,1.0,-2.34375,-3.665625,-2.5260416666666665,0.8041286682593572,42,high,mvtec,91.21,99.86,99.93
9,143,hazelnut,hazelnut,specific,{} with cut,hazelnut with cut,1.0,1.0,-3.2265625,-4.2765625,-3.2847842261904763,0.8713488782325763,42,high,mvtec,91.21,99.86,99.93
10,144,hazelnut,hazelnut,specific,{} with hole,hazelnut with hole,1.0,1.0,-4.25,-5.7328125,-4.357514880952381,1.2283038631270775,42,high,mvtec,91.21,99.86,99.93
11,145,hazelnut,hazelnut,specific,{} with print,hazelnut with print,1.0,1.0,-3.859375,-5.684375,-3.98828125,1.3364924290400315,42,high,mvtec,91.21,99.86,99.93
2,136,hazelnut,hazelnut,generic,abnormal {},abnormal hazelnut,0.8571428571428571,0.8809523809523809,-1.3828125,-3.4953125,-1.6415550595238095,1.5003189013190512,42,low,mvtec,91.21,99.86,99.93
10,156,leather,leather,specific,{} with fold,leather with fold,1.0,1.0,-1.171875,-1.44375,-1.1236213235294117,0.3146837223549385,34,high,mvtec,100.0,99.86,100.0
11,157,leather,leather,specific,{} with glue,leather with glue,1.0,1.0,-2.296875,-2.5,-2.231617647058824,0.2424014883691544,34,high,mvtec,100.0,99.86,100.0
12,158,leather,leather,specific,{} with poke,leather with poke,1.0,1.0,-0.9375,-1.2375,-0.9255514705882352,0.2578071752884126,34,high,mvtec,100.0,99.86,100.0
9,155,leather,leather,specific,{} with cut,leather with cut,0.7352941176470589,0.7647058823529411,-0.2109375,-0.4921875,-0.1516544117647058,0.3160762601967254,34,medium,mvtec,100.0,99.86,100.0
7,153,leather,leather,generic,{} with damage,leather with damage,0.6764705882352942,0.7058823529411765,-0.15625,-0.328125,-0.0827205882352941,0.2507894649952329,34,medium,mvtec,100.0,99.86,100.0
8,154,leather,leather,specific,{} with color stain,leather with color stain,0.0,0.0294117647058823,0.4609375,0.146875,0.4705882352941176,0.2766101317895831,34,medium,mvtec,100.0,99.86,100.0
0,146,leather,leather,generic,damaged {},damaged leather,0.0,0.0,0.4921875,0.296875,0.5082720588235294,0.1915627284342468,34,medium,mvtec,100.0,99.86,100.0
1,147,leather,leather,generic,flawed {},flawed leather,0.0,0.0,2.5546875,2.275,2.538143382352941,0.2206356222079497,34,medium,mvtec,100.0,99.86,100.0
2,148,leather,leather,generic,abnormal {},abnormal leather,0.0,0.0,1.4453125,1.1296875,1.4885110294117647,0.3285472778110154,34,medium,mvtec,100.0,99.86,100.0
3,149,leather,leather,generic,imperfect {},imperfect leather,0.0,0.0,2.203125,2.0203125,2.27734375,0.2592100185123073,34,medium,mvtec,100.0,99.86,100.0
4,150,leather,leather,generic,blemished {},blemished leather,0.0,0.0,0.609375,0.3796875,0.6750919117647058,0.2579664594819812,34,medium,mvtec,100.0,99.86,100.0
5,151,leather,leather,generic,{} with flaw,leather with flaw,0.0,0.0,2.28125,1.9,2.23828125,0.2397083889442315,34,medium,mvtec,100.0,99.86,100.0
6,152,leather,leather,generic,{} with defect,leather with defect,0.0,0.0,1.1796875,0.99375,1.2219669117647058,0.2066569143461704,34,medium,mvtec,100.0,99.86,100.0
8,193,metal_nut,metal nut,specific,{} with a bent shape ,metal nut with a bent shape ,0.9583333333333334,0.9583333333333334,-1.8046875,-3.259375,-1.8307291666666667,1.1897650638332156,24,high,mvtec,88.51,99.41,99.66
1,186,metal_nut,metal nut,generic,flawed {},flawed metal nut,0.3333333333333333,0.375,0.2265625,-1.2734375,0.3157552083333333,1.1179155113279649,24,high,mvtec,88.51,99.41,99.66
3,188,metal_nut,metal nut,generic,imperfect {},imperfect metal nut,0.25,0.25,1.0,-0.5843749999999999,1.0579427083333333,1.2000050791880172,24,high,mvtec,88.51,99.41,99.66
10,195,metal_nut,metal nut,specific,{} with a flipped orientation,metal nut with a flipped orientation,0.1666666666666666,0.1666666666666666,1.3671875,-0.0578124999999999,1.3352864583333333,1.109906518491797,24,medium,mvtec,88.51,99.41,99.66
0,185,metal_nut,metal nut,generic,damaged {},damaged metal nut,0.0833333333333333,0.125,1.28125,0.0609375,1.314453125,0.9612477533109988,24,medium,mvtec,88.51,99.41,99.66
7,192,metal_nut,metal nut,generic,{} with damage,metal nut with damage,0.0833333333333333,0.125,1.703125,0.1078125,1.4700520833333333,1.1103732732199008,24,medium,mvtec,88.51,99.41,99.66
2,187,metal_nut,metal nut,generic,abnormal {},abnormal metal nut,0.0833333333333333,0.0833333333333333,2.1328125,0.6359375,1.7317708333333333,0.9853734464623326,24,low,mvtec,88.51,99.41,99.66
5,190,metal_nut,metal nut,generic,{} with flaw,metal nut with flaw,0.0833333333333333,0.0833333333333333,1.6328125,0.375,1.57421875,1.0957315569320667,24,low,mvtec,88.51,99.41,99.66
6,191,metal_nut,metal nut,generic,{} with defect,metal nut with defect,0.0833333333333333,0.0833333333333333,1.7890625,0.4421875,1.716796875,1.0662112773916383,24,low,mvtec,88.51,99.41,99.66
9,194,metal_nut,metal nut,specific,{} with color stain,metal nut with color stain,0.0833333333333333,0.0833333333333333,1.84375,0.1671875,1.7174479166666667,1.225283939731689,24,low,mvtec,88.51,99.41,99.66
4,189,metal_nut,metal nut,generic,blemished {},blemished metal nut,0.0,0.0,3.109375,1.5890625,2.849609375,0.9303854665096172,24,low,mvtec,88.51,99.41,99.66
11,196,metal_nut,metal nut,specific,{} with scratch,metal nut with scratch,0.0,0.0,2.75,1.446875,2.451171875,1.0061083834174838,24,low,mvtec,88.51,99.41,99.66
6,254,pill,pill,generic,{} with defect,pill with defect,1.0,1.0,-1.5625,-2.721875,-1.6545758928571428,0.7208739397327455,28,high,mvtec,84.72,92.8,93.4
11,259,pill,pill,specific,{} with faulty imprint,pill with faulty imprint,1.0,1.0,-3.9609375,-5.321875,-3.982700892857143,1.0765576346765895,28,high,mvtec,84.72,92.8,93.4
0,248,pill,pill,generic,damaged {},damaged pill,0.8571428571428571,0.8928571428571429,-0.7421875,-2.0203125,-0.8928571428571429,0.8137515503018244,28,high,mvtec,84.72,92.8,93.4
13,261,pill,pill,specific,{} with abnormal type,pill with abnormal type,0.8571428571428571,0.8928571428571429,-1.921875,-3.0671875,-1.6177455357142858,1.1885603975475805,28,high,mvtec,84.72,92.8,93.4
3,251,pill,pill,generic,imperfect {},imperfect pill,0.8214285714285714,0.8571428571428571,-0.6484375,-1.7546875,-0.7053571428571429,0.8207717069889912,28,medium,mvtec,84.72,92.8,93.4
10,258,pill,pill,specific,{} with crack,pill with crack,0.5714285714285714,0.6071428571428571,-0.1640625,-1.215625,-0.2198660714285714,0.6592978830399768,28,medium,mvtec,84.72,92.8,93.4
5,253,pill,pill,generic,{} with flaw,pill with flaw,0.4642857142857143,0.5,0.0390625,-0.9578125,-0.13671875,0.7066334220147381,28,medium,mvtec,84.72,92.8,93.4
8,256,pill,pill,specific,{} with color stain,pill with color stain,0.3928571428571428,0.3928571428571428,0.390625,-1.0796875,0.115234375,0.9666520003285144,28,low,mvtec,84.72,92.8,93.4
7,255,pill,pill,generic,{} with damage,pill with damage,0.25,0.2857142857142857,0.484375,-0.3890624999999998,0.4916294642857143,0.747070195265597,28,low,mvtec,84.72,92.8,93.4
12,260,pill,pill,specific,{} with scratch,pill with scratch,0.1785714285714285,0.2142857142857142,0.5078125,-0.1921874999999999,0.5680803571428571,0.6466697381501304,28,low,mvtec,84.72,92.8,93.4
1,249,pill,pill,generic,flawed {},flawed pill,0.1071428571428571,0.1428571428571428,1.4453125,-0.0249999999999999,1.3013392857142858,0.7828316260545912,28,low,mvtec,84.72,92.8,93.4
2,250,pill,pill,generic,abnormal {},abnormal pill,0.0,0.0,2.9453125,2.0359375,2.9765625,0.6991641913071993,28,low,mvtec,84.72,92.8,93.4
4,252,pill,pill,generic,blemished {},blemished pill,0.0,0.0,2.3828125,1.190625,2.3744419642857144,0.9785781175943667,28,low,mvtec,84.72,92.8,93.4
9,257,pill,pill,specific,{} with contamination,pill with contamination,0.0,0.0,3.2734375,2.1796875,3.1607142857142856,0.8434074323473653,28,low,mvtec,84.72,92.8,93.4
0,276,screw,screw,generic,damaged {},damaged screw,1.0,1.0,-2.46875,-3.178125,-2.4680232558139537,0.5851188902592677,43,high,mvtec,61.63,55.87,62.92
5,281,screw,screw,generic,{} with flaw,screw with flaw,1.0,1.0,-1.75,-2.70625,-1.8001453488372092,0.7341744077505076,43,high,mvtec,61.63,55.87,62.92
6,282,screw,screw,generic,{} with defect,screw with defect,1.0,1.0,-1.75,-2.653125,-1.698764534883721,0.764428835270365,43,high,mvtec,61.63,55.87,62.92
7,283,screw,screw,generic,{} with damage,screw with damage,1.0,1.0,-2.46875,-3.29375,-2.425145348837209,0.7003827187409215,43,high,mvtec,61.63,55.87,62.92
8,284,screw,screw,specific,{} with manipulated front,screw with manipulated front,1.0,1.0,-2.5625,-3.371875,-2.5134447674418605,0.8025199158500632,43,high,mvtec,61.63,55.87,62.92
10,286,screw,screw,specific,{} with scratch head,screw with scratch head,1.0,1.0,-3.21875,-4.153125,-3.244549418604651,0.7560160521953139,43,high,mvtec,61.63,55.87,62.92
9,285,screw,screw,specific,{} with scratch neck,screw with scratch neck,0.8837209302325582,0.9069767441860463,-1.84375,-2.94375,-1.6813226744186047,1.1297498421498515,43,low,mvtec,61.63,55.87,62.92
2,278,screw,screw,generic,abnormal {},abnormal screw,0.3023255813953488,0.3255813953488372,0.703125,-0.6,0.4683866279069767,0.8097875703057985,43,low,mvtec,61.63,55.87,62.92
1,277,screw,screw,generic,flawed {},flawed screw,0.0232558139534883,0.0232558139534883,1.609375,0.471875,1.5337936046511629,0.871012836361988,43,low,mvtec,61.63,55.87,62.92
3,279,screw,screw,generic,imperfect {},imperfect screw,0.0232558139534883,0.0232558139534883,1.53125,0.665625,1.646075581395349,0.8039710820845177,43,low,mvtec,61.63,55.87,62.92
4,280,screw,screw,generic,blemished {},blemished screw,0.0232558139534883,0.0232558139534883,1.140625,0.253125,1.2521802325581397,0.7830907195685342,43,low,mvtec,61.63,55.87,62.92
10,297,tile,tile,specific,{} with gray stroke,tile with gray stroke,1.0,1.0,-1.9375,-2.54375,-1.9441964285714288,0.4228623649834396,35,high,mvtec,99.89,98.59,99.93
12,299,tile,tile,specific,{} with rough surface,tile with rough surface,0.9714285714285714,0.9714285714285714,-0.953125,-1.41875,-0.871875,0.452852442658123,35,high,mvtec,99.89,98.59,99.93
0,287,tile,tile,generic,damaged {},damaged tile,0.0285714285714285,0.0285714285714285,1.1875,0.709375,1.2169642857142855,0.498459840920213,35,high,mvtec,99.89,98.59,99.93
1,288,tile,tile,generic,flawed {},flawed tile,0.0,0.0,4.890625,4.521875,4.9227678571428575,0.3700744762675398,35,medium,mvtec,99.89,98.59,99.93
2,289,tile,tile,generic,abnormal {},abnormal tile,0.0,0.0,2.859375,2.54375,2.899107142857143,0.3537179530446857,35,medium,mvtec,99.89,98.59,99.93
3,290,tile,tile,generic,imperfect {},imperfect tile,0.0,0.0,1.359375,1.03125,1.4464285714285714,0.4150705504637071,35,medium,mvtec,99.89,98.59,99.93
4,291,tile,tile,generic,blemished {},blemished tile,0.0,0.0,3.6875,3.303125,3.7754464285714286,0.4836484429071706,35,medium,mvtec,99.89,98.59,99.93
5,292,tile,tile,generic,{} with flaw,tile with flaw,0.0,0.0,4.34375,3.89375,4.3254464285714285,0.3559421781464982,35,medium,mvtec,99.89,98.59,99.93
6,293,tile,tile,generic,{} with defect,tile with defect,0.0,0.0,1.171875,0.59375,1.2008928571428572,0.4435195398969567,35,medium,mvtec,99.89,98.59,99.93
7,294,tile,tile,generic,{} with damage,tile with damage,0.0,0.0,3.421875,2.821875,3.458928571428572,0.549973184643152,35,medium,mvtec,99.89,98.59,99.93
8,295,tile,tile,specific,{} with crack,tile with crack,0.0,0.0,2.40625,1.93125,2.4258928571428573,0.424131578243433,35,medium,mvtec,99.89,98.59,99.93
9,296,tile,tile,specific,{} with glue strip,tile with glue strip,0.0,0.0,5.375,4.6156250000000005,5.273214285714285,0.4995585583180169,35,medium,mvtec,99.89,98.59,99.93
11,298,tile,tile,specific,{} with oil,tile with oil,0.0,0.0,1.9375,1.41875,1.8580357142857145,0.3942487527965468,35,medium,mvtec,99.89,98.59,99.93
3,303,toothbrush,toothbrush,generic,imperfect {},imperfect toothbrush,0.7857142857142857,0.8571428571428571,-1.234375,-2.2984375,-1.15625,1.161096262697456,14,high,mvtec,65.0,94.17,93.89
5,305,toothbrush,toothbrush,generic,{} with flaw,toothbrush with flaw,0.6428571428571429,0.6428571428571429,-0.2734375,-0.959375,-0.2561383928571428,0.4843946080009185,14,high,mvtec,65.0,94.17,93.89
6,306,toothbrush,toothbrush,generic,{} with defect,toothbrush with defect,0.5,0.5,-0.0078125,-0.8828125,0.0915178571428571,0.8710821316260972,14,medium,mvtec,65.0,94.17,93.89
8,308,toothbrush,toothbrush,specific,{} with defect,toothbrush with defect,0.5,0.5,-0.0078125,-0.8828125,0.0915178571428571,0.8710821316260972,14,medium,mvtec,65.0,94.17,93.89
1,301,toothbrush,toothbrush,generic,flawed {},flawed toothbrush,0.2857142857142857,0.2857142857142857,0.9453125,-0.4640625,0.8359375,1.208371417067129,14,medium,mvtec,65.0,94.17,93.89
4,304,toothbrush,toothbrush,generic,blemished {},blemished toothbrush,0.1428571428571428,0.1428571428571428,1.8125,0.034375,1.6010044642857142,1.1287854231469718,14,low,mvtec,65.0,94.17,93.89
0,300,toothbrush,toothbrush,generic,damaged {},damaged toothbrush,0.0,0.0,1.0390625,0.1453125,1.0418526785714286,0.6177283961682168,14,low,mvtec,65.0,94.17,93.89
2,302,toothbrush,toothbrush,generic,abnormal {},abnormal toothbrush,0.0,0.0,2.59375,0.9859375,2.2293526785714284,0.9566387548965688,14,low,mvtec,65.0,94.17,93.89
7,307,toothbrush,toothbrush,generic,{} with damage,toothbrush with damage,0.0,0.0,2.09375,1.4109375,2.0033482142857144,0.4710575113189742,14,low,mvtec,65.0,94.17,93.89
9,309,toothbrush,toothbrush,specific,{} with anomaly,toothbrush with anomaly,0.0,0.0,3.5625,2.2421875,3.438616071428572,0.9389630378325956,14,low,mvtec,65.0,94.17,93.89
5,315,transistor,transistor,generic,{} with flaw,transistor with flaw,1.0,1.0,-3.32421875,-4.409375,-3.388608870967742,0.7700570874685982,62,high,mvtec,87.29,86.87,93.0
6,316,transistor,transistor,generic,{} with defect,transistor with defect,1.0,1.0,-5.2890625,-6.25625,-5.201864919354839,0.8335732052932463,62,high,mvtec,87.29,86.87,93.0
8,318,transistor,transistor,specific,{} with bent lead,transistor with bent lead,1.0,1.0,-5.52734375,-7.4109375,-5.532258064516129,1.2573659012545173,62,high,mvtec,87.29,86.87,93.0
9,319,transistor,transistor,specific,{} with cut lead,transistor with cut lead,1.0,1.0,-4.9765625,-6.79921875,-5.114163306451613,1.2242330352577018,62,high,mvtec,87.29,86.87,93.0
11,321,transistor,transistor,specific,{} with misplaced transistor,transistor with misplaced transistor,1.0,1.0,-2.3515625,-3.3828125,-2.3665574596774195,0.8478206233557884,62,high,mvtec,87.29,86.87,93.0
7,317,transistor,transistor,generic,{} with damage,transistor with damage,0.9838709677419356,0.9838709677419356,-1.65625,-2.36640625,-1.5386844758064515,0.7142109196204354,62,medium,mvtec,87.29,86.87,93.0
10,320,transistor,transistor,specific,{} with damage,transistor with damage,0.9838709677419356,0.9838709677419356,-1.65625,-2.36640625,-1.5386844758064515,0.7142109196204354,62,medium,mvtec,87.29,86.87,93.0
0,310,transistor,transistor,generic,damaged {},damaged transistor,0.9032258064516128,0.9032258064516128,-1.265625,-2.17734375,-1.1999747983870968,0.808622615287312,62,low,mvtec,87.29,86.87,93.0
3,313,transistor,transistor,generic,imperfect {},imperfect transistor,0.5967741935483871,0.6290322580645161,-0.1484375,-1.0984375,-0.1503276209677419,0.7063625138471272,62,low,mvtec,87.29,86.87,93.0
4,314,transistor,transistor,generic,blemished {},blemished transistor,0.0967741935483871,0.0967741935483871,1.2734375,0.0703125,1.2511340725806452,0.8159999046327963,62,low,mvtec,87.29,86.87,93.0
1,311,transistor,transistor,generic,flawed {},flawed transistor,0.032258064516129,0.064516129032258,1.29296875,0.21875,1.1665826612903225,0.634237080964792,62,low,mvtec,87.29,86.87,93.0
2,312,transistor,transistor,generic,abnormal {},abnormal transistor,0.0,0.0,3.6796875,2.53359375,3.5942540322580645,0.6972379993450707,62,low,mvtec,87.29,86.87,93.0
7,329,wood,wood,generic,{} with damage,wood with damage,1.0,1.0,-0.921875,-1.609375,-1.0052083333333333,0.5108416598016345,21,high,mvtec,99.12,98.86,99.56
11,333,wood,wood,specific,{} with liquid,wood with liquid,1.0,1.0,-0.65625,-1.515625,-0.7946428571428571,0.481191190416755,21,high,mvtec,99.12,98.86,99.56
5,327,wood,wood,generic,{} with flaw,wood with flaw,0.9523809523809524,0.9523809523809524,-0.546875,-1.234375,-0.6183035714285714,0.4297401598838614,21,high,mvtec,99.12,98.86,99.56
3,325,wood,wood,generic,imperfect {},imperfect wood,0.8571428571428571,0.8571428571428571,-0.78125,-1.25,-0.6778273809523809,0.5164130024519851,21,medium,mvtec,99.12,98.86,99.56
1,323,wood,wood,generic,flawed {},flawed wood,0.6666666666666666,0.7619047619047619,-0.171875,-1.140625,-0.3430059523809524,0.5430772938884374,21,medium,mvtec,99.12,98.86,99.56
0,322,wood,wood,generic,damaged {},damaged wood,0.6666666666666666,0.6666666666666666,-0.140625,-0.859375,-0.1636904761904762,0.4985007994498646,21,medium,mvtec,99.12,98.86,99.56
9,331,wood,wood,specific,{} with hole,wood with hole,0.6190476190476191,0.6666666666666666,-0.21875,-0.953125,-0.1897321428571428,0.5400463484376914,21,medium,mvtec,99.12,98.86,99.56
8,330,wood,wood,specific,{} with color stain,wood with color stain,0.5238095238095238,0.5238095238095238,-0.09375,-0.875,-0.1235119047619047,0.5597839678233794,21,low,mvtec,99.12,98.86,99.56
10,332,wood,wood,specific,{} with scratch,wood with scratch,0.4761904761904761,0.4761904761904761,0.09375,-0.375,0.103422619047619,0.4561928217207819,21,low,mvtec,99.12,98.86,99.56
4,326,wood,wood,generic,blemished {},blemished wood,0.0952380952380952,0.0952380952380952,0.765625,0.09375,0.8258928571428571,0.5823483469121901,21,low,mvtec,99.12,98.86,99.56
2,324,wood,wood,generic,abnormal {},abnormal wood,0.0,0.0,2.390625,1.734375,2.454241071428572,0.6014261678495122,21,low,mvtec,99.12,98.86,99.56
6,328,wood,wood,generic,{} with defect,wood with defect,0.0,0.0,1.265625,0.59375,1.433779761904762,0.6984534754002967,21,low,mvtec,99.12,98.86,99.56
9,343,zipper,zipper,specific,{} with fabric border,zipper with fabric border,1.0,1.0,-2.0390625,-3.1046875,-2.084558823529412,0.85970178986418,34,high,mvtec,97.26,73.06,97.06
11,345,zipper,zipper,specific,{} with broken fabric,zipper with broken fabric,0.9411764705882352,1.0,-1.0234375,-1.85625,-1.0795036764705883,0.6912951695733554,34,high,mvtec,97.26,73.06,97.06
12,346,zipper,zipper,specific,{} with split teeth,zipper with split teeth,1.0,1.0,-1.8046875,-2.9296875,-1.8474264705882355,0.6668982362107975,34,high,mvtec,97.26,73.06,97.06
13,347,zipper,zipper,specific,{} with squeezed teeth,zipper with squeezed teeth,1.0,1.0,-1.0546875,-2.1046875,-1.1810661764705883,0.5643367383578537,34,high,mvtec,97.26,73.06,97.06
8,342,zipper,zipper,specific,{} with broken teeth,zipper with broken teeth,0.9117647058823528,0.9705882352941176,-0.5546875,-1.171875,-0.6139705882352942,0.4972570876994123,34,medium,mvtec,97.26,73.06,97.06
10,344,zipper,zipper,specific,{} with defect fabric,zipper with defect fabric,0.3235294117647059,0.3823529411764705,0.375,-0.3546875,0.3373161764705882,0.6740929069713837,34,medium,mvtec,97.26,73.06,97.06
2,336,zipper,zipper,generic,abnormal {},abnormal zipper,0.0,0.0294117647058823,0.62109375,0.26875,0.7474724264705882,0.4265162074081078,34,medium,mvtec,97.26,73.06,97.06
3,337,zipper,zipper,generic,imperfect {},imperfect zipper,0.0294117647058823,0.0294117647058823,1.0,0.61875,1.0121783088235294,0.401351759227727,34,medium,mvtec,97.26,73.06,97.06
0,334,zipper,zipper,generic,damaged {},damaged zipper,0.0,0.0,2.0,1.40625,1.9857536764705883,0.4402669469665682,34,low,mvtec,97.26,73.06,97.06
1,335,zipper,zipper,generic,flawed {},flawed zipper,0.0,0.0,0.671875,0.3421875,0.7141544117647058,0.3619885664641314,34,low,mvtec,97.26,73.06,97.06
4,338,zipper,zipper,generic,blemished {},blemished zipper,0.0,0.0,1.95703125,1.46953125,1.982077205882353,0.4417082330644277,34,low,mvtec,97.26,73.06,97.06
5,339,zipper,zipper,generic,{} with flaw,zipper with flaw,0.0,0.0,1.21484375,0.84765625,1.2842371323529411,0.3734939056525654,34,low,mvtec,97.26,73.06,97.06
6,340,zipper,zipper,generic,{} with defect,zipper with defect,0.0,0.0,2.2578125,1.625,2.26953125,0.5496687110644499,34,low,mvtec,97.26,73.06,97.06
7,341,zipper,zipper,generic,{} with damage,zipper with damage,0.0,0.0,2.56640625,2.1203125,2.595358455882353,0.3512242010585212,34,low,mvtec,97.26,73.06,97.06
